field_id,Wheat,Mustard,Lentil,No Crop,Green pea,Sugarcane,Garlic,Maize,Gram,Coriander,Potato,Bersem,Rice
11,0.18,0.16,0.01,0.29,0.0,0.36,0.0,0.0,0.0,0.0,0.0,0.0,0.0
13,0.42,0.36,0.01,0.2,0.0,0.0,0.0,0.0,0.01,0.0,0.0,0.0,0.0
19,0.34,0.26,0.08,0.19,0.0,0.13,0.0,0.0,0.0,0.0,0.0,0.0,0.0
21,0.03,0.07,0.0,0.79,0.0,0.11,0.0,0.0,0.0,0.0,0.0,0.0,0.0
25,0.26,0.1,0.13,0.5,0.0,0.01,0.0,0.0,0.0,0.0,0.0,0.0,0.0
26,0.13,0.03,0.08,0.76,0.0,0.0,0.0,0.0,0.0,0.0,0.0,0.0,0.0
29,0.2,0.29,0.1,0.33,0.0,0.07,0.0,0.0,0.0,0.0,0.0,0.01,0.0
39,0.33,0.24,0.01,0.1,0.0,0.29,0.0,0.0,0.0,0.0,0.03,0.0,0.0
44,0.34,0.15,0.01,0.25,0.0,0.23,0.0,0.0,0.0,0.0,0.0,0.0,0.02
48,0.03,0.62,0.01,0.1,0.0,0.2,0.0,0.0,0.0,0.0,0.0,0.04,0.0
52,0.69,0.14,0.02,0.07,0.01,0.02,0.02,0.0,0.03,0.0,0.0,0.0,0.0
63,0.12,0.51,0.02,0.2,0.0,0.11,0.03,0.01,0.0,0.0,0.0,0.0,0.0
64,0.12,0.44,0.17,0.18,0.01,0.07,0.0,0.0,0.0,0.0,0.01,0.0,0.0
65,0.49,0.27,0.02,0.21,0.0,0.01,0.0,0.0,0.0,0.0,0.0,0.0,0.0
67,0.4,0.03,0.03,0.54,0.0,0.0,0.0,0.0,0.0,0.0,0.0,0.0,0.0
68,0.2,0.39,0.05,0.33,0.0,0.03,0.0,0.0,0.0,0.0,0.0,0.0,0.0
69,0.35,0.03,0.09,0.53,0.0,0.0,0.0,0.0,0.0,0.0,0.0,0.0,0.0
79,0.22,0.26,0.01,0.33,0.0,0.1,0.0,0.03,0.0,0.01,0.01,0.0,0.03
90,0.38,0.2,0.0,0.21,0.0,0.16,0.0,0.03,0.0,0.0,0.02,0.0,0.0
92,0.26,0.36,0.01,0.09,0.0,0.27,0.0,0.0,0.0,0.01,0.0,0.0,0.0
94,0.16,0.22,0.01,0.3,0.0,0.25,0.0,0.05,0.0,0.0,0.01,0.0,0.0
95,0.27,0.26,0.09,0.18,0.08,0.11,0.0,0.0,0.01,0.0,0.0,0.0,0.0
99,0.45,0.36,0.01,0.11,0.03,0.03,0.0,0.0,0.0,0.0,0.01,0.0,0.0
105,0.14,0.02,0.03,0.79,0.0,0.0,0.01,0.0,0.0,0.0,0.0,0.0,0.01
109,0.34,0.2,0.02,0.18,0.0,0.18,0.06,0.0,0.0,0.0,0.01,0.0,0.01
119,0.24,0.34,0.11,0.1,0.0,0.15,0.03,0.0,0.0,0.03,0.0,0.0,0.0
129,0.39,0.34,0.02,0.13,0.02,0.09,0.0,0.0,0.0,0.0,0.01,0.0,0.0
146,0.11,0.1,0.0,0.22,0.0,0.56,0.0,0.01,0.0,0.0,0.0,0.0,0.0
148,0.21,0.16,0.0,0.32,0.0,0.31,0.0,0.0,0.0,0.0,0.0,0.0,0.0
151,0.57,0.21,0.0,0.19,0.0,0.01,0.0,0.0,0.01,0.0,0.01,0.0,0.0
160,0.14,0.43,0.05,0.1,0.0,0.21,0.0,0.0,0.0,0.02,0.04,0.01,0.0
162,0.55,0.28,0.02,0.06,0.0,0.0,0.06,0.0,0.03,0.0,0.0,0.0,0.0
166,0.16,0.06,0.11,0.5,0.01,0.14,0.0,0.0,0.0,0.0,0.0,0.02,0.0
168,0.48,0.19,0.04,0.21,0.02,0.06,0.0,0.0,0.0,0.0,0.0,0.0,0.0
169,0.38,0.26,0.04,0.23,0.0,0.09,0.0,0.0,0.0,0.0,0.0,0.0,0.0
180,0.84,0.02,0.02,0.11,0.0,0.0,0.0,0.0,0.01,0.0,0.0,0.0,0.0
182,0.82,0.04,0.01,0.13,0.0,0.0,0.0,0.0,0.0,0.0,0.0,0.0,0.0
183,0.21,0.3,0.01,0.33,0.0,0.11,0.0,0.0,0.0,0.01,0.03,0.0,0.0
187,0.37,0.16,0.12,0.27,0.03,0.03,0.0,0.0,0.01,0.0,0.01,0.0,0.0
189,0.56,0.19,0.03,0.2,0.01,0.01,0.0,0.0,0.0,0.0,0.0,0.0,0.0
191,0.08,0.1,0.1,0.44,0.01,0.25,0.0,0.0,0.0,0.0,0.0,0.02,0.0
196,0.16,0.1,0.0,0.37,0.0,0.36,0.0,0.01,0.0,0.0,0.0,0.0,0.0
208,0.16,0.13,0.0,0.53,0.0,0.17,0.0,0.01,0.0,0.0,0.0,0.0,0.0
209,0.35,0.19,0.01,0.1,0.0,0.32,0.02,0.01,0.0,0.0,0.0,0.0,0.0
212,0.59,0.14,0.04,0.22,0.0,0.0,0.0,0.0,0.01,0.0,0.0,0.0,0.0
213,0.23,0.1,0.06,0.56,0.0,0.05,0.0,0.0,0.0,0.0,0.0,0.0,0.0
217,0.57,0.31,0.0,0.11,0.0,0.0,0.01,0.0,0.0,0.0,0.0,0.0,0.0
219,0.29,0.11,0.0,0.53,0.0,0.01,0.01,0.01,0.01,0.0,0.03,0.0,0.0
220,0.26,0.11,0.0,0.6,0.0,0.0,0.0,0.0,0.0,0.0,0.0,0.0,0.03
221,0.54,0.05,0.01,0.34,0.0,0.01,0.0,0.0,0.01,0.0,0.01,0.0,0.03
222,0.34,0.33,0.0,0.24,0.0,0.05,0.0,0.01,0.0,0.01,0.02,0.0,0.0
226,0.29,0.39,0.0,0.04,0.0,0.12,0.0,0.0,0.0,0.16,0.0,0.0,0.0
236,0.67,0.13,0.0,0.17,0.0,0.01,0.02,0.0,0.0,0.0,0.0,0.0,0.0
238,0.28,0.09,0.0,0.26,0.01,0.29,0.04,0.01,0.0,0.0,0.0,0.0,0.02
239,0.15,0.25,0.0,0.21,0.01,0.38,0.0,0.0,0.0,0.0,0.0,0.0,0.0
250,0.7,0.15,0.02,0.05,0.0,0.02,0.01,0.0,0.04,0.0,0.01,0.0,0.0
251,0.53,0.41,0.01,0.05,0.0,0.0,0.0,0.0,0.0,0.0,0.0,0.0,0.0
252,0.55,0.2,0.1,0.12,0.03,0.0,0.0,0.0,0.0,0.0,0.0,0.0,0.0
260,0.71,0.08,0.04,0.08,0.07,0.02,0.0,0.0,0.0,0.0,0.0,0.0,0.0
262,0.41,0.18,0.13,0.24,0.01,0.01,0.01,0.0,0.01,0.0,0.0,0.0,0.0
267,0.3,0.3,0.04,0.23,0.01,0.12,0.0,0.0,0.0,0.0,0.0,0.0,0.0
272,0.06,0.14,0.01,0.74,0.0,0.05,0.0,0.0,0.0,0.0,0.0,0.0,0.0
273,0.6,0.05,0.14,0.21,0.0,0.0,0.0,0.0,0.0,0.0,0.0,0.0,0.0
274,0.57,0.08,0.04,0.28,0.03,0.0,0.0,0.0,0.0,0.0,0.0,0.0,0.0
277,0.23,0.26,0.0,0.31,0.0,0.18,0.0,0.0,0.0,0.01,0.01,0.0,0.0
280,0.43,0.32,0.03,0.13,0.01,0.05,0.0,0.0,0.0,0.0,0.03,0.0,0.0
282,0.49,0.16,0.01,0.24,0.0,0.08,0.01,0.0,0.0,0.0,0.01,0.0,0.0
283,0.82,0.17,0.0,0.01,0.0,0.0,0.0,0.0,0.0,0.0,0.0,0.0,0.0
285,0.77,0.12,0.01,0.03,0.0,0.0,0.03,0.0,0.02,0.02,0.0,0.0,0.0
286,0.53,0.13,0.04,0.16,0.05,0.08,0.0,0.0,0.0,0.0,0.01,0.0,0.0
287,0.15,0.34,0.01,0.29,0.0,0.19,0.0,0.01,0.0,0.0,0.01,0.0,0.0
289,0.38,0.22,0.04,0.26,0.0,0.04,0.01,0.0,0.0,0.0,0.05,0.0,0.0
291,0.43,0.35,0.01,0.14,0.03,0.0,0.0,0.0,0.03,0.0,0.01,0.0,0.0
296,0.32,0.16,0.06,0.39,0.0,0.04,0.0,0.0,0.0,0.03,0.0,0.0,0.0
306,0.45,0.02,0.1,0.43,0.0,0.0,0.0,0.0,0.0,0.0,0.0,0.0,0.0
311,0.19,0.35,0.04,0.21,0.0,0.18,0.0,0.01,0.0,0.01,0.0,0.0,0.01
321,0.15,0.11,0.13,0.27,0.01,0.31,0.0,0.0,0.0,0.0,0.0,0.02,0.0
332,0.47,0.3,0.03,0.12,0.0,0.06,0.01,0.0,0.0,0.0,0.01,0.0,0.0
335,0.02,0.12,0.04,0.63,0.0,0.18,0.0,0.0,0.0,0.0,0.0,0.01,0.0
340,0.49,0.12,0.08,0.12,0.0,0.1,0.05,0.0,0.0,0.0,0.02,0.02,0.0
341,0.37,0.08,0.03,0.18,0.0,0.34,0.0,0.0,0.0,0.0,0.0,0.0,0.0
345,0.78,0.01,0.0,0.2,0.0,0.0,0.0,0.0,0.01,0.0,0.0,0.0,0.0
355,0.34,0.13,0.07,0.25,0.03,0.12,0.03,0.0,0.0,0.0,0.03,0.0,0.0
360,0.42,0.28,0.02,0.15,0.03,0.1,0.0,0.0,0.0,0.0,0.0,0.0,0.0
377,0.43,0.17,0.11,0.17,0.04,0.08,0.0,0.0,0.0,0.0,0.0,0.0,0.0
381,0.39,0.26,0.1,0.13,0.01,0.05,0.03,0.0,0.0,0.0,0.03,0.0,0.0
387,0.22,0.32,0.04,0.3,0.0,0.09,0.01,0.0,0.0,0.0,0.01,0.01,0.0
389,0.36,0.32,0.0,0.11,0.0,0.16,0.01,0.0,0.0,0.01,0.0,0.02,0.01
391,0.5,0.21,0.0,0.18,0.0,0.08,0.0,0.0,0.0,0.01,0.0,0.02,0.0
395,0.37,0.2,0.04,0.31,0.0,0.04,0.0,0.02,0.0,0.0,0.02,0.0,0.0
401,0.35,0.05,0.13,0.46,0.0,0.0,0.0,0.0,0.0,0.0,0.0,0.01,0.0
402,0.38,0.15,0.04,0.25,0.01,0.15,0.0,0.0,0.0,0.02,0.0,0.0,0.0
404,0.89,0.0,0.01,0.1,0.0,0.0,0.0,0.0,0.0,0.0,0.0,0.0,0.0
405,0.36,0.04,0.04,0.52,0.0,0.04,0.0,0.0,0.0,0.0,0.0,0.0,0.0
408,0.93,0.01,0.01,0.05,0.0,0.0,0.0,0.0,0.0,0.0,0.0,0.0,0.0
414,0.61,0.13,0.01,0.16,0.03,0.06,0.0,0.0,0.0,0.0,0.0,0.0,0.0
424,0.24,0.6,0.02,0.08,0.0,0.02,0.01,0.0,0.0,0.01,0.01,0.01,0.0
428,0.17,0.11,0.07,0.49,0.0,0.14,0.01,0.0,0.0,0.01,0.0,0.0,0.0
431,0.34,0.3,0.01,0.2,0.0,0.14,0.01,0.0,0.0,0.0,0.0,0.0,0.0
433,0.21,0.15,0.0,0.18,0.01,0.45,0.0,0.0,0.0,0.0,0.0,0.0,0.0
434,0.27,0.07,0.0,0.4,0.02,0.22,0.0,0.02,0.0,0.0,0.0,0.0,0.0
436,0.4,0.21,0.0,0.12,0.02,0.25,0.0,0.0,0.0,0.0,0.0,0.0,0.0
448,0.16,0.57,0.02,0.14,0.0,0.11,0.0,0.0,0.0,0.0,0.0,0.0,0.0
457,0.73,0.08,0.04,0.09,0.0,0.01,0.01,0.0,0.03,0.0,0.01,0.0,0.0
460,0.81,0.15,0.0,0.02,0.0,0.0,0.0,0.0,0.02,0.0,0.0,0.0,0.0
463,0.38,0.27,0.02,0.25,0.01,0.04,0.02,0.0,0.0,0.0,0.01,0.0,0.0
469,0.13,0.34,0.02,0.21,0.0,0.28,0.01,0.0,0.0,0.0,0.0,0.01,0.0
475,0.21,0.07,0.0,0.33,0.02,0.36,0.0,0.01,0.0,0.0,0.0,0.0,0.0
479,0.74,0.24,0.01,0.01,0.0,0.0,0.0,0.0,0.0,0.0,0.0,0.0,0.0
482,0.11,0.08,0.04,0.66,0.0,0.09,0.0,0.0,0.0,0.0,0.0,0.01,0.01
483,0.12,0.14,0.19,0.52,0.0,0.03,0.0,0.0,0.0,0.0,0.0,0.0,0.0
492,0.52,0.2,0.01,0.21,0.03,0.01,0.01,0.0,0.01,0.0,0.0,0.0,0.0
495,0.55,0.18,0.02,0.2,0.0,0.04,0.0,0.0,0.0,0.0,0.0,0.01,0.0
501,0.33,0.19,0.23,0.22,0.0,0.0,0.0,0.01,0.02,0.0,0.0,0.0,0.0
505,0.66,0.0,0.04,0.3,0.0,0.0,0.0,0.0,0.0,0.0,0.0,0.0,0.0
520,0.13,0.49,0.03,0.05,0.02,0.21,0.0,0.0,0.0,0.01,0.0,0.06,0.0
521,0.16,0.34,0.02,0.31,0.0,0.17,0.0,0.0,0.0,0.0,0.0,0.0,0.0
534,0.21,0.35,0.07,0.2,0.0,0.07,0.0,0.0,0.0,0.0,0.1,0.0,0.0
537,0.55,0.19,0.0,0.19,0.02,0.03,0.01,0.0,0.01,0.0,0.0,0.0,0.0
541,0.48,0.22,0.02,0.27,0.0,0.0,0.01,0.0,0.0,0.0,0.0,0.0,0.0
546,0.81,0.11,0.0,0.07,0.01,0.0,0.0,0.0,0.0,0.0,0.0,0.0,0.0
547,0.22,0.31,0.03,0.15,0.0,0.26,0.0,0.02,0.0,0.0,0.01,0.0,0.0
557,0.54,0.33,0.01,0.08,0.0,0.03,0.01,0.0,0.0,0.0,0.0,0.0,0.0
566,0.36,0.46,0.02,0.16,0.0,0.0,0.0,0.0,0.0,0.0,0.0,0.0,0.0
572,0.39,0.24,0.05,0.13,0.0,0.18,0.01,0.0,0.0,0.0,0.0,0.0,0.0
575,0.47,0.13,0.15,0.22,0.0,0.02,0.0,0.0,0.0,0.0,0.0,0.01,0.0
584,0.55,0.07,0.03,0.23,0.05,0.06,0.0,0.0,0.0,0.0,0.01,0.0,0.0
590,0.59,0.24,0.03,0.07,0.0,0.07,0.0,0.0,0.0,0.0,0.0,0.0,0.0
593,0.31,0.2,0.01,0.41,0.0,0.05,0.0,0.0,0.0,0.0,0.02,0.0,0.0
597,0.38,0.2,0.06,0.3,0.0,0.06,0.0,0.0,0.0,0.0,0.0,0.0,0.0
599,0.62,0.16,0.07,0.1,0.03,0.01,0.0,0.0,0.0,0.0,0.01,0.0,0.0
603,0.81,0.14,0.0,0.05,0.0,0.0,0.0,0.0,0.0,0.0,0.0,0.0,0.0
606,0.51,0.28,0.0,0.16,0.01,0.04,0.0,0.0,0.0,0.0,0.0,0.0,0.0
607,0.19,0.25,0.0,0.31,0.0,0.25,0.0,0.0,0.0,0.0,0.0,0.0,0.0
616,0.41,0.06,0.05,0.47,0.0,0.01,0.0,0.0,0.0,0.0,0.0,0.0,0.0
617,0.13,0.24,0.04,0.28,0.01,0.26,0.0,0.0,0.0,0.04,0.0,0.0,0.0
618,0.2,0.4,0.12,0.16,0.0,0.1,0.0,0.0,0.0,0.01,0.01,0.0,0.0
620,0.34,0.17,0.0,0.2,0.0,0.26,0.0,0.02,0.01,0.0,0.0,0.0,0.0
622,0.19,0.04,0.01,0.31,0.0,0.44,0.0,0.01,0.0,0.0,0.0,0.0,0.0
626,0.39,0.33,0.02,0.19,0.01,0.06,0.0,0.0,0.0,0.0,0.0,0.0,0.0
628,0.37,0.26,0.08,0.28,0.0,0.01,0.0,0.0,0.0,0.0,0.0,0.0,0.0
635,0.32,0.09,0.0,0.37,0.0,0.22,0.0,0.0,0.0,0.0,0.0,0.0,0.0
636,0.09,0.22,0.05,0.48,0.0,0.16,0.0,0.0,0.0,0.0,0.0,0.0,0.0
639,0.1,0.1,0.04,0.56,0.0,0.19,0.0,0.0,0.0,0.0,0.01,0.0,0.0
648,0.26,0.39,0.02,0.18,0.0,0.09,0.0,0.0,0.0,0.0,0.06,0.0,0.0
650,0.25,0.18,0.03,0.36,0.16,0.0,0.0,0.0,0.01,0.0,0.0,0.01,0.0
651,0.39,0.4,0.01,0.03,0.0,0.07,0.04,0.0,0.0,0.06,0.0,0.0,0.0
652,0.05,0.15,0.07,0.5,0.0,0.23,0.0,0.0,0.0,0.0,0.0,0.0,0.0
658,0.03,0.08,0.0,0.52,0.0,0.37,0.0,0.0,0.0,0.0,0.0,0.0,0.0
659,0.2,0.43,0.03,0.08,0.02,0.19,0.01,0.0,0.02,0.0,0.01,0.01,0.0
660,0.45,0.31,0.05,0.08,0.0,0.1,0.0,0.0,0.01,0.0,0.0,0.0,0.0
675,0.34,0.26,0.01,0.29,0.0,0.07,0.0,0.0,0.0,0.01,0.02,0.0,0.0
678,0.31,0.45,0.02,0.09,0.0,0.13,0.0,0.0,0.0,0.0,0.0,0.0,0.0
687,0.11,0.15,0.31,0.41,0.0,0.0,0.0,0.0,0.01,0.0,0.0,0.01,0.0
699,0.35,0.3,0.02,0.29,0.01,0.03,0.0,0.0,0.0,0.0,0.0,0.0,0.0
700,0.21,0.32,0.1,0.26,0.0,0.1,0.0,0.0,0.0,0.0,0.01,0.0,0.0
714,0.28,0.24,0.06,0.22,0.0,0.14,0.03,0.0,0.0,0.0,0.03,0.0,0.0
715,0.58,0.1,0.06,0.13,0.01,0.12,0.0,0.0,0.0,0.0,0.0,0.0,0.0
716,0.45,0.25,0.01,0.13,0.0,0.13,0.0,0.0,0.0,0.0,0.03,0.0,0.0
721,0.44,0.23,0.12,0.16,0.0,0.04,0.0,0.0,0.0,0.0,0.0,0.01,0.0
724,0.63,0.04,0.02,0.31,0.0,0.0,0.0,0.0,0.0,0.0,0.0,0.0,0.0
729,0.42,0.25,0.12,0.14,0.0,0.06,0.0,0.0,0.01,0.0,0.0,0.0,0.0
732,0.11,0.36,0.12,0.1,0.0,0.3,0.0,0.0,0.0,0.0,0.0,0.01,0.0
734,0.2,0.23,0.07,0.41,0.0,0.07,0.0,0.0,0.0,0.01,0.0,0.01,0.0
737,0.3,0.01,0.01,0.68,0.0,0.0,0.0,0.0,0.0,0.0,0.0,0.0,0.0
738,0.52,0.04,0.02,0.42,0.0,0.0,0.0,0.0,0.0,0.0,0.0,0.0,0.0
741,0.47,0.22,0.12,0.18,0.0,0.0,0.0,0.0,0.01,0.0,0.0,0.0,0.0
742,0.18,0.4,0.01,0.23,0.01,0.15,0.0,0.0,0.0,0.0,0.02,0.0,0.0
743,0.18,0.38,0.07,0.2,0.0,0.1,0.0,0.0,0.0,0.02,0.04,0.01,0.0
744,0.76,0.05,0.01,0.16,0.0,0.0,0.0,0.0,0.01,0.0,0.0,0.0,0.01
748,0.63,0.09,0.02,0.25,0.0,0.0,0.0,0.0,0.01,0.0,0.0,0.0,0.0
754,0.31,0.21,0.01,0.24,0.0,0.17,0.02,0.04,0.0,0.0,0.0,0.0,0.0
758,0.31,0.38,0.01,0.19,0.02,0.08,0.0,0.0,0.0,0.01,0.0,0.0,0.0
759,0.17,0.3,0.0,0.26,0.01,0.26,0.0,0.0,0.0,0.0,0.0,0.0,0.0
767,0.01,0.12,0.0,0.21,0.0,0.66,0.0,0.0,0.0,0.0,0.0,0.0,0.0
769,0.09,0.06,0.0,0.73,0.0,0.07,0.0,0.01,0.0,0.0,0.01,0.0,0.03
770,0.08,0.07,0.0,0.39,0.0,0.42,0.0,0.04,0.0,0.0,0.0,0.0,0.0
776,0.19,0.29,0.0,0.24,0.01,0.25,0.0,0.01,0.0,0.01,0.0,0.0,0.0
783,0.5,0.34,0.0,0.11,0.0,0.05,0.0,0.0,0.0,0.0,0.0,0.0,0.0
784,0.55,0.24,0.04,0.14,0.0,0.03,0.0,0.0,0.0,0.0,0.0,0.0,0.0
786,0.52,0.26,0.02,0.1,0.01,0.06,0.0,0.0,0.0,0.0,0.03,0.0,0.0
787,0.46,0.26,0.01,0.16,0.0,0.1,0.01,0.0,0.0,0.0,0.0,0.0,0.0
806,0.55,0.26,0.06,0.13,0.0,0.0,0.0,0.0,0.0,0.0,0.0,0.0,0.0
812,0.55,0.18,0.04,0.18,0.01,0.04,0.0,0.0,0.0,0.0,0.0,0.0,0.0
813,0.59,0.25,0.04,0.1,0.01,0.01,0.0,0.0,0.0,0.0,0.0,0.0,0.0
814,0.51,0.29,0.09,0.03,0.01,0.06,0.0,0.0,0.0,0.0,0.01,0.0,0.0
816,0.22,0.25,0.02,0.22,0.01,0.27,0.01,0.0,0.0,0.0,0.0,0.0,0.0
819,0.66,0.09,0.05,0.19,0.0,0.0,0.0,0.0,0.0,0.0,0.0,0.01,0.0
823,0.46,0.05,0.06,0.4,0.02,0.0,0.01,0.0,0.0,0.0,0.0,0.0,0.0
829,0.21,0.19,0.03,0.43,0.0,0.13,0.0,0.0,0.0,0.0,0.0,0.01,0.0
832,0.34,0.17,0.1,0.18,0.01,0.19,0.0,0.0,0.0,0.0,0.0,0.01,0.0
836,0.3,0.41,0.01,0.25,0.0,0.01,0.01,0.0,0.01,0.0,0.0,0.0,0.0
841,0.41,0.13,0.04,0.36,0.05,0.01,0.0,0.0,0.0,0.0,0.0,0.0,0.0
842,0.06,0.22,0.09,0.23,0.0,0.38,0.0,0.0,0.0,0.0,0.02,0.0,0.0
845,0.13,0.2,0.02,0.44,0.0,0.16,0.0,0.0,0.0,0.0,0.05,0.0,0.0
847,0.4,0.3,0.03,0.18,0.0,0.08,0.0,0.01,0.0,0.0,0.0,0.0,0.0
848,0.41,0.16,0.15,0.24,0.0,0.03,0.0,0.0,0.0,0.0,0.0,0.0,0.01
849,0.61,0.28,0.02,0.08,0.01,0.0,0.0,0.0,0.0,0.0,0.0,0.0,0.0
850,0.4,0.11,0.09,0.35,0.0,0.03,0.01,0.0,0.0,0.0,0.0,0.01,0.0
857,0.6,0.01,0.09,0.29,0.01,0.0,0.0,0.0,0.0,0.0,0.0,0.0,0.0
866,0.71,0.16,0.01,0.12,0.0,0.0,0.0,0.0,0.0,0.0,0.0,0.0,0.0
873,0.6,0.17,0.02,0.1,0.0,0.08,0.02,0.0,0.0,0.01,0.0,0.0,0.0
881,0.42,0.1,0.21,0.24,0.0,0.03,0.0,0.0,0.0,0.0,0.0,0.0,0.0
882,0.31,0.48,0.03,0.12,0.01,0.04,0.0,0.0,0.01,0.0,0.0,0.0,0.0
883,0.36,0.47,0.03,0.08,0.01,0.05,0.0,0.0,0.0,0.0,0.0,0.0,0.0
884,0.19,0.24,0.23,0.32,0.0,0.02,0.0,0.0,0.0,0.0,0.0,0.0,0.0
885,0.57,0.02,0.01,0.39,0.0,0.0,0.0,0.0,0.0,0.0,0.0,0.01,0.0
886,0.09,0.03,0.1,0.72,0.0,0.0,0.0,0.0,0.0,0.0,0.0,0.06,0.0
888,0.21,0.33,0.01,0.26,0.0,0.16,0.0,0.0,0.0,0.02,0.0,0.01,0.0
891,0.23,0.13,0.01,0.39,0.22,0.0,0.0,0.0,0.02,0.0,0.0,0.0,0.0
892,0.16,0.5,0.03,0.13,0.0,0.17,0.0,0.0,0.0,0.0,0.01,0.0,0.0
897,0.16,0.3,0.01,0.12,0.0,0.4,0.01,0.0,0.0,0.0,0.0,0.0,0.0
904,0.47,0.06,0.07,0.39,0.0,0.01,0.0,0.0,0.0,0.0,0.0,0.0,0.0
911,0.24,0.17,0.06,0.26,0.0,0.26,0.0,0.0,0.0,0.0,0.01,0.0,0.0
916,0.16,0.36,0.04,0.29,0.06,0.09,0.0,0.0,0.0,0.0,0.0,0.0,0.0
925,0.5,0.14,0.06,0.26,0.04,0.0,0.0,0.0,0.0,0.0,0.0,0.0,0.0
928,0.54,0.2,0.02,0.17,0.07,0.0,0.0,0.0,0.0,0.0,0.0,0.0,0.0
930,0.51,0.1,0.04,0.24,0.0,0.11,0.0,0.0,0.0,0.0,0.0,0.0,0.0
939,0.21,0.28,0.16,0.19,0.0,0.15,0.0,0.0,0.0,0.0,0.01,0.0,0.0
945,0.26,0.33,0.03,0.21,0.0,0.12,0.0,0.0,0.0,0.0,0.05,0.0,0.0
946,0.6,0.0,0.06,0.34,0.0,0.0,0.0,0.0,0.0,0.0,0.0,0.0,0.0
947,0.35,0.12,0.02,0.49,0.0,0.02,0.0,0.0,0.0,0.0,0.0,0.0,0.0
949,0.51,0.03,0.05,0.41,0.0,0.0,0.0,0.0,0.0,0.0,0.0,0.0,0.0
959,0.52,0.03,0.0,0.37,0.0,0.01,0.01,0.0,0.02,0.0,0.01,0.0,0.03
971,0.23,0.2,0.0,0.3,0.0,0.23,0.01,0.0,0.0,0.02,0.0,0.0,0.01
973,0.39,0.12,0.02,0.37,0.0,0.09,0.01,0.0,0.0,0.0,0.0,0.0,0.0
985,0.11,0.13,0.01,0.61,0.0,0.14,0.0,0.0,0.0,0.0,0.0,0.0,0.0
989,0.26,0.02,0.06,0.64,0.0,0.01,0.0,0.0,0.0,0.0,0.0,0.0,0.01
993,0.55,0.2,0.04,0.2,0.01,0.0,0.0,0.0,0.0,0.0,0.0,0.0,0.0
1004,0.63,0.16,0.04,0.16,0.0,0.0,0.0,0.0,0.01,0.0,0.0,0.0,0.0
1010,0.1,0.13,0.0,0.2,0.0,0.57,0.0,0.0,0.0,0.0,0.0,0.0,0.0
1011,0.13,0.45,0.09,0.15,0.0,0.17,0.0,0.0,0.0,0.0,0.01,0.0,0.0
1014,0.45,0.07,0.14,0.29,0.0,0.05,0.0,0.0,0.0,0.0,0.0,0.0,0.0
1022,0.54,0.2,0.06,0.13,0.0,0.07,0.0,0.0,0.0,0.0,0.0,0.0,0.0
1023,0.07,0.35,0.02,0.28,0.07,0.21,0.0,0.0,0.0,0.0,0.0,0.0,0.0
1032,0.32,0.2,0.09,0.14,0.06,0.16,0.0,0.0,0.03,0.0,0.0,0.0,0.0
1036,0.56,0.03,0.04,0.37,0.0,0.0,0.0,0.0,0.0,0.0,0.0,0.0,0.0
1040,0.26,0.5,0.02,0.12,0.0,0.1,0.0,0.0,0.0,0.0,0.0,0.0,0.0
1041,0.51,0.15,0.08,0.11,0.0,0.11,0.02,0.0,0.0,0.0,0.02,0.0,0.0
1042,0.45,0.26,0.04,0.19,0.0,0.06,0.0,0.0,0.0,0.0,0.0,0.0,0.0
1043,0.3,0.23,0.09,0.16,0.0,0.21,0.0,0.0,0.0,0.0,0.01,0.0,0.0
1044,0.3,0.22,0.0,0.33,0.0,0.14,0.01,0.0,0.0,0.0,0.0,0.0,0.0
1051,0.08,0.22,0.08,0.39,0.0,0.23,0.0,0.0,0.0,0.0,0.0,0.0,0.0
1055,0.1,0.05,0.0,0.64,0.0,0.21,0.0,0.0,0.0,0.0,0.0,0.0,0.0
1056,0.28,0.22,0.01,0.35,0.0,0.14,0.0,0.0,0.0,0.0,0.0,0.0,0.0
1059,0.42,0.22,0.18,0.18,0.0,0.0,0.0,0.0,0.0,0.0,0.0,0.0,0.0
1090,0.45,0.06,0.01,0.47,0.0,0.0,0.01,0.0,0.0,0.0,0.0,0.0,0.0
1092,0.19,0.0,0.48,0.33,0.0,0.0,0.0,0.0,0.0,0.0,0.0,0.0,0.0
1095,0.3,0.38,0.05,0.14,0.01,0.1,0.0,0.0,0.0,0.0,0.02,0.0,0.0
1096,0.78,0.16,0.01,0.05,0.0,0.0,0.0,0.0,0.0,0.0,0.0,0.0,0.0
1098,0.33,0.29,0.04,0.2,0.0,0.1,0.0,0.02,0.0,0.01,0.01,0.0,0.0
1101,0.33,0.21,0.09,0.32,0.0,0.05,0.0,0.0,0.0,0.0,0.0,0.0,0.0
1105,0.46,0.23,0.03,0.11,0.01,0.13,0.03,0.0,0.0,0.0,0.0,0.0,0.0
1109,0.42,0.19,0.05,0.16,0.0,0.07,0.03,0.0,0.0,0.0,0.08,0.0,0.0
1113,0.24,0.29,0.0,0.24,0.01,0.21,0.0,0.01,0.0,0.0,0.0,0.0,0.0
1126,0.41,0.26,0.03,0.17,0.0,0.13,0.0,0.0,0.0,0.0,0.0,0.0,0.0
1133,0.65,0.12,0.06,0.16,0.01,0.0,0.0,0.0,0.0,0.0,0.0,0.0,0.0
1140,0.49,0.26,0.01,0.17,0.0,0.04,0.01,0.01,0.0,0.0,0.01,0.0,0.0
1142,0.42,0.34,0.01,0.17,0.0,0.01,0.02,0.0,0.0,0.0,0.03,0.0,0.0
1149,0.29,0.31,0.05,0.24,0.05,0.0,0.0,0.0,0.03,0.0,0.03,0.0,0.0
1155,0.34,0.34,0.01,0.24,0.0,0.04,0.03,0.0,0.0,0.0,0.0,0.0,0.0
1165,0.51,0.17,0.03,0.23,0.02,0.04,0.0,0.0,0.0,0.0,0.0,0.0,0.0
1167,0.6,0.13,0.01,0.1,0.14,0.01,0.0,0.0,0.0,0.01,0.0,0.0,0.0
1168,0.77,0.1,0.03,0.04,0.05,0.0,0.0,0.0,0.01,0.0,0.0,0.0,0.0
1172,0.37,0.3,0.0,0.32,0.0,0.01,0.0,0.0,0.0,0.0,0.0,0.0,0.0
1173,0.7,0.19,0.0,0.11,0.0,0.0,0.0,0.0,0.0,0.0,0.0,0.0,0.0
1174,0.52,0.35,0.01,0.05,0.02,0.05,0.0,0.0,0.0,0.0,0.0,0.0,0.0
1177,0.47,0.09,0.15,0.28,0.0,0.0,0.0,0.0,0.01,0.0,0.0,0.0,0.0
1186,0.78,0.03,0.06,0.1,0.02,0.0,0.0,0.0,0.0,0.0,0.01,0.0,0.0
1189,0.79,0.05,0.03,0.13,0.0,0.0,0.0,0.0,0.0,0.0,0.0,0.0,0.0
1192,0.18,0.4,0.02,0.19,0.03,0.18,0.0,0.0,0.0,0.0,0.0,0.0,0.0
1194,0.91,0.05,0.01,0.03,0.0,0.0,0.0,0.0,0.0,0.0,0.0,0.0,0.0
1197,0.77,0.05,0.05,0.1,0.01,0.01,0.0,0.0,0.0,0.0,0.0,0.01,0.0
1202,0.38,0.02,0.07,0.5,0.0,0.02,0.0,0.0,0.0,0.0,0.0,0.01,0.0
1203,0.79,0.1,0.02,0.05,0.0,0.04,0.0,0.0,0.0,0.0,0.0,0.0,0.0
1205,0.29,0.3,0.01,0.13,0.0,0.26,0.0,0.01,0.0,0.0,0.0,0.0,0.0
1206,0.45,0.13,0.24,0.17,0.0,0.01,0.0,0.0,0.0,0.0,0.0,0.0,0.0
1211,0.66,0.2,0.0,0.13,0.0,0.0,0.01,0.0,0.0,0.0,0.0,0.0,0.0
1212,0.46,0.17,0.01,0.19,0.0,0.13,0.02,0.0,0.0,0.01,0.0,0.0,0.01
1213,0.52,0.25,0.0,0.17,0.02,0.01,0.01,0.0,0.02,0.0,0.0,0.0,0.0
1214,0.15,0.27,0.01,0.43,0.01,0.11,0.02,0.0,0.0,0.0,0.0,0.0,0.0
1221,0.25,0.27,0.02,0.28,0.0,0.17,0.0,0.0,0.0,0.0,0.0,0.0,0.01
1227,0.54,0.16,0.11,0.15,0.02,0.02,0.0,0.0,0.0,0.0,0.0,0.0,0.0
1231,0.42,0.34,0.04,0.11,0.0,0.05,0.0,0.0,0.0,0.04,0.0,0.0,0.0
1233,0.16,0.16,0.0,0.32,0.01,0.22,0.02,0.06,0.0,0.0,0.0,0.0,0.05
1235,0.42,0.17,0.06,0.21,0.01,0.13,0.0,0.0,0.0,0.0,0.0,0.0,0.0
1237,0.23,0.01,0.53,0.23,0.0,0.0,0.0,0.0,0.0,0.0,0.0,0.0,0.0
1245,0.33,0.2,0.07,0.31,0.0,0.05,0.0,0.0,0.0,0.0,0.0,0.03,0.01
1252,0.38,0.38,0.04,0.1,0.0,0.1,0.0,0.0,0.0,0.0,0.0,0.0,0.0
1254,0.46,0.36,0.02,0.07,0.0,0.04,0.0,0.01,0.0,0.0,0.0,0.04,0.0
1265,0.43,0.05,0.13,0.39,0.0,0.0,0.0,0.0,0.0,0.0,0.0,0.0,0.0
1267,0.05,0.19,0.03,0.48,0.0,0.25,0.0,0.0,0.0,0.0,0.0,0.0,0.0
1276,0.46,0.08,0.18,0.28,0.0,0.0,0.0,0.0,0.0,0.0,0.0,0.0,0.0
1277,0.32,0.41,0.03,0.07,0.16,0.01,0.0,0.0,0.0,0.0,0.0,0.0,0.0
1280,0.22,0.2,0.02,0.2,0.0,0.26,0.02,0.0,0.0,0.0,0.02,0.06,0.0
1297,0.14,0.13,0.01,0.54,0.03,0.14,0.0,0.0,0.0,0.0,0.0,0.01,0.0
1307,0.13,0.05,0.0,0.47,0.0,0.35,0.0,0.0,0.0,0.0,0.0,0.0,0.0
1310,0.39,0.07,0.01,0.52,0.0,0.0,0.0,0.0,0.0,0.0,0.0,0.01,0.0
1312,0.25,0.03,0.01,0.7,0.0,0.0,0.0,0.0,0.0,0.0,0.0,0.01,0.0
1314,0.67,0.28,0.0,0.05,0.0,0.0,0.0,0.0,0.0,0.0,0.0,0.0,0.0
1315,0.08,0.05,0.0,0.55,0.0,0.22,0.03,0.0,0.0,0.0,0.0,0.0,0.07
1318,0.2,0.19,0.0,0.26,0.02,0.33,0.0,0.0,0.0,0.0,0.0,0.0,0.0
1327,0.13,0.45,0.01,0.31,0.01,0.09,0.0,0.0,0.0,0.0,0.0,0.0,0.0
1330,0.22,0.2,0.0,0.31,0.0,0.26,0.01,0.0,0.0,0.0,0.0,0.0,0.0
1333,0.09,0.29,0.01,0.4,0.05,0.16,0.0,0.0,0.0,0.0,0.0,0.0,0.0
1334,0.25,0.37,0.03,0.31,0.04,0.0,0.0,0.0,0.0,0.0,0.0,0.0,0.0
1336,0.1,0.43,0.03,0.1,0.0,0.17,0.0,0.0,0.0,0.01,0.01,0.15,0.0
1339,0.37,0.22,0.11,0.21,0.0,0.09,0.0,0.0,0.0,0.0,0.0,0.0,0.0
1345,0.48,0.31,0.01,0.17,0.02,0.0,0.0,0.0,0.01,0.0,0.0,0.0,0.0
1347,0.29,0.29,0.04,0.16,0.0,0.17,0.0,0.0,0.0,0.0,0.04,0.01,0.0
1352,0.47,0.21,0.12,0.19,0.01,0.0,0.0,0.0,0.0,0.0,0.0,0.0,0.0
1354,0.71,0.09,0.01,0.15,0.02,0.02,0.0,0.0,0.0,0.0,0.0,0.0,0.0
1356,0.36,0.08,0.14,0.4,0.0,0.01,0.0,0.0,0.0,0.0,0.0,0.01,0.0
1368,0.17,0.52,0.04,0.19,0.0,0.02,0.0,0.0,0.0,0.0,0.05,0.01,0.0
1370,0.17,0.42,0.04,0.24,0.0,0.09,0.01,0.0,0.0,0.03,0.0,0.0,0.0
1371,0.5,0.25,0.04,0.15,0.0,0.04,0.0,0.0,0.02,0.0,0.0,0.0,0.0
1377,0.27,0.28,0.08,0.27,0.0,0.07,0.0,0.0,0.0,0.0,0.03,0.0,0.0
1389,0.54,0.3,0.01,0.08,0.0,0.07,0.0,0.0,0.0,0.0,0.0,0.0,0.0
1391,0.48,0.23,0.06,0.15,0.02,0.06,0.0,0.0,0.0,0.0,0.0,0.0,0.0
1395,0.55,0.29,0.0,0.13,0.0,0.02,0.0,0.0,0.0,0.0,0.01,0.0,0.0
1396,0.36,0.02,0.0,0.62,0.0,0.0,0.0,0.0,0.0,0.0,0.0,0.0,0.0
1398,0.41,0.12,0.04,0.43,0.0,0.0,0.0,0.0,0.0,0.0,0.0,0.0,0.0
1412,0.44,0.02,0.0,0.54,0.0,0.0,0.0,0.0,0.0,0.0,0.0,0.0,0.0
1420,0.22,0.08,0.52,0.18,0.0,0.0,0.0,0.0,0.0,0.0,0.0,0.0,0.0
1422,0.55,0.07,0.2,0.18,0.0,0.0,0.0,0.0,0.0,0.0,0.0,0.0,0.0
1434,0.15,0.16,0.01,0.45,0.0,0.21,0.0,0.0,0.0,0.0,0.0,0.0,0.02
1438,0.04,0.02,0.0,0.69,0.0,0.18,0.01,0.02,0.0,0.0,0.01,0.0,0.03
1447,0.67,0.0,0.01,0.32,0.0,0.0,0.0,0.0,0.0,0.0,0.0,0.0,0.0
1453,0.46,0.18,0.02,0.16,0.0,0.17,0.01,0.0,0.0,0.0,0.0,0.0,0.0
1475,0.51,0.22,0.03,0.23,0.0,0.01,0.0,0.0,0.0,0.0,0.0,0.0,0.0
1476,0.22,0.23,0.01,0.14,0.0,0.39,0.01,0.0,0.0,0.0,0.0,0.0,0.0
1485,0.49,0.16,0.09,0.23,0.02,0.01,0.0,0.0,0.0,0.0,0.0,0.0,0.0
1499,0.38,0.17,0.09,0.22,0.0,0.11,0.01,0.0,0.0,0.0,0.0,0.01,0.01
1504,0.4,0.1,0.16,0.3,0.04,0.0,0.0,0.0,0.0,0.0,0.0,0.0,0.0
1505,0.45,0.04,0.12,0.39,0.0,0.0,0.0,0.0,0.0,0.0,0.0,0.0,0.0
1509,0.03,0.09,0.0,0.22,0.01,0.6,0.01,0.03,0.0,0.0,0.01,0.0,0.0
1510,0.21,0.38,0.07,0.21,0.0,0.13,0.0,0.0,0.0,0.0,0.0,0.0,0.0
1517,0.12,0.44,0.06,0.07,0.01,0.22,0.02,0.0,0.0,0.01,0.01,0.04,0.0
1520,0.31,0.3,0.0,0.15,0.01,0.2,0.0,0.02,0.0,0.0,0.01,0.0,0.0
1523,0.3,0.23,0.01,0.25,0.0,0.21,0.0,0.0,0.0,0.0,0.0,0.0,0.0
1525,0.26,0.27,0.0,0.12,0.0,0.32,0.01,0.02,0.0,0.0,0.0,0.0,0.0
1534,0.42,0.15,0.24,0.16,0.01,0.02,0.0,0.0,0.0,0.0,0.0,0.0,0.0
1542,0.12,0.43,0.02,0.2,0.0,0.23,0.0,0.0,0.0,0.0,0.0,0.0,0.0
1543,0.71,0.16,0.01,0.09,0.0,0.02,0.0,0.0,0.0,0.01,0.0,0.0,0.0
1553,0.45,0.38,0.01,0.09,0.0,0.07,0.0,0.0,0.0,0.0,0.0,0.0,0.0
1557,0.56,0.26,0.04,0.11,0.02,0.01,0.0,0.0,0.0,0.0,0.0,0.0,0.0
1562,0.27,0.1,0.02,0.4,0.0,0.19,0.0,0.01,0.0,0.0,0.0,0.0,0.01
1564,0.18,0.21,0.14,0.11,0.02,0.33,0.0,0.0,0.0,0.0,0.01,0.0,0.0
1570,0.33,0.35,0.12,0.15,0.0,0.05,0.0,0.0,0.0,0.0,0.0,0.0,0.0
1574,0.13,0.44,0.03,0.14,0.0,0.22,0.0,0.02,0.0,0.0,0.0,0.02,0.0
1581,0.37,0.15,0.1,0.36,0.0,0.02,0.0,0.0,0.0,0.0,0.0,0.0,0.0
1584,0.23,0.06,0.1,0.53,0.0,0.0,0.0,0.0,0.0,0.0,0.0,0.08,0.0
1591,0.55,0.11,0.08,0.2,0.0,0.06,0.0,0.0,0.0,0.0,0.0,0.0,0.0
1597,0.77,0.07,0.03,0.08,0.05,0.0,0.0,0.0,0.0,0.0,0.0,0.0,0.0
1604,0.44,0.36,0.07,0.06,0.04,0.02,0.01,0.0,0.0,0.0,0.0,0.0,0.0
1609,0.27,0.08,0.06,0.59,0.0,0.0,0.0,0.0,0.0,0.0,0.0,0.0,0.0
1612,0.15,0.16,0.09,0.59,0.01,0.0,0.0,0.0,0.0,0.0,0.0,0.0,0.0
1617,0.75,0.02,0.0,0.23,0.0,0.0,0.0,0.0,0.0,0.0,0.0,0.0,0.0
1623,0.39,0.14,0.05,0.3,0.0,0.12,0.0,0.0,0.0,0.0,0.0,0.0,0.0
1629,0.49,0.05,0.05,0.37,0.0,0.03,0.0,0.0,0.0,0.0,0.0,0.01,0.0
1630,0.47,0.14,0.0,0.12,0.0,0.26,0.01,0.0,0.0,0.0,0.0,0.0,0.0
1636,0.55,0.17,0.07,0.16,0.01,0.04,0.0,0.0,0.0,0.0,0.0,0.0,0.0
1640,0.17,0.06,0.02,0.69,0.0,0.06,0.0,0.0,0.0,0.0,0.0,0.0,0.0
1659,0.06,0.05,0.0,0.22,0.0,0.67,0.0,0.0,0.0,0.0,0.0,0.0,0.0
1676,0.12,0.01,0.08,0.78,0.0,0.01,0.0,0.0,0.0,0.0,0.0,0.0,0.0
1678,0.08,0.0,0.02,0.9,0.0,0.0,0.0,0.0,0.0,0.0,0.0,0.0,0.0
1684,0.3,0.31,0.28,0.04,0.04,0.0,0.0,0.0,0.03,0.0,0.0,0.0,0.0
1691,0.61,0.24,0.02,0.04,0.0,0.04,0.01,0.0,0.0,0.0,0.02,0.02,0.0
1700,0.74,0.21,0.02,0.02,0.0,0.0,0.0,0.0,0.0,0.0,0.01,0.0,0.0
1702,0.47,0.3,0.02,0.06,0.0,0.05,0.06,0.0,0.0,0.04,0.0,0.0,0.0
1704,0.21,0.42,0.02,0.23,0.0,0.07,0.01,0.01,0.0,0.02,0.0,0.01,0.0
1735,0.94,0.04,0.0,0.01,0.0,0.0,0.0,0.0,0.0,0.0,0.0,0.0,0.01
1752,0.36,0.19,0.08,0.17,0.03,0.1,0.01,0.04,0.0,0.0,0.0,0.02,0.0
1755,0.48,0.27,0.11,0.0,0.01,0.02,0.08,0.0,0.03,0.0,0.0,0.0,0.0
1761,0.72,0.14,0.0,0.13,0.0,0.0,0.0,0.0,0.0,0.0,0.0,0.01,0.0
1766,0.37,0.28,0.03,0.1,0.0,0.21,0.0,0.0,0.0,0.0,0.01,0.0,0.0
1768,0.3,0.47,0.02,0.04,0.01,0.09,0.02,0.0,0.0,0.02,0.02,0.01,0.0
1771,0.81,0.1,0.04,0.0,0.05,0.0,0.0,0.0,0.0,0.0,0.0,0.0,0.0
1773,0.92,0.02,0.05,0.01,0.0,0.0,0.0,0.0,0.0,0.0,0.0,0.0,0.0
1779,0.26,0.13,0.01,0.22,0.0,0.37,0.01,0.0,0.0,0.0,0.0,0.0,0.0
1784,0.05,0.31,0.0,0.22,0.0,0.42,0.0,0.0,0.0,0.0,0.0,0.0,0.0
1786,0.64,0.17,0.02,0.02,0.0,0.15,0.0,0.0,0.0,0.0,0.0,0.0,0.0
1798,0.73,0.2,0.02,0.02,0.0,0.02,0.01,0.0,0.0,0.0,0.0,0.0,0.0
1803,0.71,0.17,0.05,0.01,0.0,0.04,0.02,0.0,0.0,0.0,0.0,0.0,0.0
1808,0.68,0.13,0.01,0.11,0.0,0.03,0.02,0.01,0.0,0.0,0.0,0.01,0.0
1816,0.62,0.31,0.05,0.01,0.0,0.0,0.01,0.0,0.0,0.0,0.0,0.0,0.0
1821,0.48,0.35,0.05,0.09,0.0,0.01,0.02,0.0,0.0,0.0,0.0,0.0,0.0
1825,0.75,0.16,0.02,0.02,0.0,0.0,0.0,0.0,0.01,0.04,0.0,0.0,0.0
1826,0.51,0.25,0.13,0.01,0.08,0.01,0.0,0.0,0.0,0.0,0.01,0.0,0.0
1828,0.62,0.21,0.01,0.1,0.0,0.06,0.0,0.0,0.0,0.0,0.0,0.0,0.0
1836,0.7,0.3,0.0,0.0,0.0,0.0,0.0,0.0,0.0,0.0,0.0,0.0,0.0
1837,0.63,0.21,0.06,0.01,0.0,0.04,0.01,0.0,0.0,0.0,0.04,0.0,0.0
1856,0.15,0.62,0.03,0.05,0.0,0.12,0.0,0.02,0.0,0.0,0.01,0.0,0.0
1858,0.17,0.46,0.02,0.0,0.0,0.32,0.0,0.02,0.01,0.0,0.0,0.0,0.0
1874,0.7,0.17,0.04,0.07,0.0,0.0,0.0,0.0,0.0,0.0,0.0,0.02,0.0
1882,0.88,0.05,0.07,0.0,0.0,0.0,0.0,0.0,0.0,0.0,0.0,0.0,0.0
1884,0.29,0.41,0.04,0.12,0.02,0.1,0.0,0.02,0.0,0.0,0.0,0.0,0.0
1885,0.5,0.22,0.18,0.02,0.02,0.04,0.01,0.0,0.0,0.0,0.01,0.0,0.0
1895,0.5,0.21,0.07,0.18,0.0,0.02,0.0,0.0,0.0,0.01,0.0,0.0,0.01
1896,0.62,0.12,0.01,0.17,0.0,0.03,0.0,0.01,0.02,0.0,0.01,0.0,0.01
1904,0.79,0.06,0.01,0.04,0.0,0.04,0.03,0.0,0.0,0.0,0.0,0.0,0.03
1915,0.56,0.27,0.04,0.0,0.0,0.02,0.04,0.0,0.0,0.0,0.07,0.0,0.0
1917,0.41,0.3,0.01,0.04,0.02,0.13,0.02,0.0,0.0,0.02,0.02,0.03,0.0
1918,0.09,0.3,0.0,0.31,0.05,0.21,0.0,0.03,0.0,0.0,0.01,0.0,0.0
1945,0.51,0.23,0.03,0.06,0.02,0.14,0.0,0.01,0.0,0.0,0.0,0.0,0.0
1949,0.78,0.19,0.02,0.0,0.0,0.0,0.0,0.0,0.0,0.01,0.0,0.0,0.0
1960,0.29,0.16,0.0,0.27,0.01,0.22,0.0,0.0,0.0,0.04,0.01,0.0,0.0
1969,0.48,0.11,0.01,0.05,0.02,0.21,0.11,0.0,0.0,0.0,0.0,0.0,0.01
1985,0.66,0.09,0.01,0.04,0.0,0.15,0.02,0.0,0.0,0.0,0.01,0.0,0.02
1987,0.78,0.1,0.08,0.02,0.0,0.0,0.01,0.0,0.0,0.01,0.0,0.0,0.0
1989,0.25,0.43,0.02,0.18,0.0,0.02,0.0,0.06,0.01,0.0,0.03,0.0,0.0
1999,0.56,0.16,0.02,0.08,0.01,0.09,0.0,0.06,0.0,0.0,0.02,0.0,0.0
2013,0.77,0.18,0.01,0.04,0.0,0.0,0.0,0.0,0.0,0.0,0.0,0.0,0.0
2014,0.45,0.17,0.08,0.12,0.01,0.11,0.02,0.02,0.0,0.0,0.02,0.0,0.0
2018,0.22,0.23,0.0,0.13,0.06,0.16,0.0,0.04,0.0,0.03,0.09,0.01,0.03
2020,0.49,0.23,0.07,0.12,0.0,0.07,0.0,0.01,0.01,0.0,0.0,0.0,0.0
2032,0.92,0.01,0.06,0.01,0.0,0.0,0.0,0.0,0.0,0.0,0.0,0.0,0.0
2042,0.36,0.23,0.02,0.16,0.01,0.14,0.0,0.0,0.0,0.0,0.01,0.04,0.03
2061,0.63,0.25,0.03,0.06,0.01,0.01,0.0,0.01,0.0,0.0,0.0,0.0,0.0
2063,0.87,0.12,0.0,0.01,0.0,0.0,0.0,0.0,0.0,0.0,0.0,0.0,0.0
2067,0.22,0.27,0.03,0.06,0.07,0.15,0.0,0.12,0.0,0.0,0.07,0.0,0.01
2074,0.86,0.07,0.02,0.01,0.0,0.0,0.0,0.0,0.0,0.04,0.0,0.0,0.0
2079,0.59,0.24,0.06,0.03,0.0,0.05,0.0,0.02,0.0,0.0,0.01,0.0,0.0
2081,0.35,0.38,0.2,0.01,0.0,0.03,0.0,0.0,0.02,0.0,0.0,0.01,0.0
2087,0.77,0.15,0.02,0.03,0.02,0.01,0.0,0.0,0.0,0.0,0.0,0.0,0.0
2097,0.77,0.11,0.06,0.0,0.06,0.0,0.0,0.0,0.0,0.0,0.0,0.0,0.0
2110,0.32,0.49,0.05,0.09,0.02,0.01,0.0,0.0,0.0,0.02,0.0,0.0,0.0
2119,0.47,0.25,0.06,0.08,0.0,0.05,0.01,0.06,0.0,0.0,0.02,0.0,0.0
2120,0.72,0.1,0.1,0.0,0.0,0.0,0.0,0.0,0.01,0.07,0.0,0.0,0.0
2121,0.94,0.06,0.0,0.0,0.0,0.0,0.0,0.0,0.0,0.0,0.0,0.0,0.0
2126,0.1,0.41,0.01,0.18,0.0,0.16,0.02,0.0,0.0,0.05,0.07,0.0,0.0
2127,0.21,0.57,0.03,0.05,0.0,0.12,0.0,0.0,0.0,0.01,0.01,0.0,0.0
2132,0.7,0.17,0.02,0.1,0.0,0.0,0.0,0.0,0.0,0.0,0.0,0.01,0.0
2140,0.41,0.29,0.04,0.06,0.01,0.12,0.03,0.0,0.0,0.02,0.02,0.0,0.0
2148,0.67,0.05,0.01,0.09,0.0,0.11,0.01,0.0,0.0,0.0,0.0,0.06,0.0
2151,0.17,0.24,0.04,0.33,0.04,0.11,0.0,0.01,0.0,0.0,0.02,0.04,0.0
2152,0.29,0.3,0.05,0.06,0.02,0.2,0.01,0.0,0.0,0.05,0.02,0.0,0.0
2158,0.9,0.09,0.0,0.01,0.0,0.0,0.0,0.0,0.0,0.0,0.0,0.0,0.0
2163,0.21,0.43,0.21,0.05,0.0,0.07,0.0,0.0,0.0,0.0,0.02,0.01,0.0
2165,0.26,0.18,0.01,0.34,0.01,0.2,0.0,0.0,0.0,0.0,0.0,0.0,0.0
2169,0.13,0.54,0.03,0.19,0.0,0.06,0.0,0.01,0.0,0.03,0.0,0.01,0.0
2179,0.42,0.31,0.23,0.03,0.0,0.0,0.0,0.0,0.0,0.01,0.0,0.0,0.0
2184,0.28,0.28,0.13,0.12,0.02,0.0,0.03,0.0,0.0,0.14,0.0,0.0,0.0
2207,0.77,0.14,0.0,0.02,0.0,0.04,0.02,0.0,0.01,0.0,0.0,0.0,0.0
2213,0.71,0.13,0.02,0.01,0.0,0.08,0.02,0.01,0.01,0.0,0.01,0.0,0.0
2225,0.6,0.22,0.01,0.01,0.04,0.02,0.08,0.0,0.0,0.0,0.02,0.0,0.0
2231,0.48,0.22,0.03,0.05,0.06,0.05,0.02,0.0,0.0,0.09,0.0,0.0,0.0
2232,0.52,0.34,0.04,0.0,0.01,0.07,0.0,0.0,0.01,0.01,0.0,0.0,0.0
2233,0.54,0.28,0.05,0.03,0.0,0.09,0.0,0.0,0.0,0.01,0.0,0.0,0.0
2235,0.58,0.21,0.0,0.07,0.0,0.12,0.01,0.01,0.0,0.0,0.0,0.0,0.0
2242,0.93,0.05,0.0,0.01,0.0,0.0,0.0,0.0,0.0,0.0,0.0,0.01,0.0
2244,0.52,0.27,0.02,0.07,0.01,0.04,0.0,0.05,0.0,0.0,0.02,0.0,0.0
2255,0.98,0.01,0.0,0.01,0.0,0.0,0.0,0.0,0.0,0.0,0.0,0.0,0.0
2258,0.76,0.14,0.08,0.02,0.0,0.0,0.0,0.0,0.0,0.0,0.0,0.0,0.0
2262,0.2,0.35,0.02,0.04,0.0,0.34,0.0,0.03,0.0,0.0,0.0,0.02,0.0
2274,0.62,0.36,0.01,0.01,0.0,0.0,0.0,0.0,0.0,0.0,0.0,0.0,0.0
2278,0.31,0.32,0.01,0.05,0.01,0.21,0.01,0.08,0.0,0.0,0.0,0.0,0.0
2284,0.59,0.27,0.03,0.05,0.0,0.03,0.0,0.0,0.0,0.0,0.0,0.03,0.0
2287,0.31,0.17,0.0,0.14,0.03,0.16,0.0,0.12,0.0,0.02,0.04,0.0,0.01
2289,0.48,0.18,0.0,0.2,0.0,0.06,0.0,0.0,0.0,0.0,0.06,0.02,0.0
2290,0.49,0.2,0.01,0.19,0.03,0.02,0.01,0.02,0.0,0.0,0.03,0.0,0.0
2301,0.29,0.38,0.06,0.2,0.0,0.01,0.0,0.0,0.0,0.0,0.02,0.0,0.04
2306,0.25,0.28,0.0,0.09,0.12,0.19,0.0,0.05,0.0,0.0,0.02,0.0,0.0
2312,0.24,0.48,0.09,0.13,0.0,0.01,0.02,0.0,0.0,0.03,0.0,0.0,0.0
2330,0.74,0.19,0.02,0.05,0.0,0.0,0.0,0.0,0.0,0.0,0.0,0.0,0.0
2332,0.42,0.53,0.02,0.01,0.02,0.0,0.0,0.0,0.0,0.0,0.0,0.0,0.0
2334,0.5,0.24,0.01,0.01,0.21,0.0,0.02,0.0,0.0,0.0,0.0,0.01,0.0
2345,0.88,0.1,0.01,0.0,0.0,0.0,0.0,0.0,0.0,0.01,0.0,0.0,0.0
2349,0.84,0.1,0.05,0.0,0.0,0.0,0.0,0.0,0.0,0.01,0.0,0.0,0.0
2353,0.41,0.14,0.02,0.3,0.0,0.06,0.0,0.05,0.0,0.0,0.02,0.0,0.0
2360,1.0,0.0,0.0,0.0,0.0,0.0,0.0,0.0,0.0,0.0,0.0,0.0,0.0
2369,0.36,0.35,0.02,0.19,0.0,0.07,0.0,0.0,0.0,0.01,0.0,0.0,0.0
2370,0.54,0.22,0.0,0.14,0.0,0.07,0.01,0.0,0.0,0.01,0.01,0.0,0.0
2371,0.3,0.28,0.0,0.3,0.0,0.1,0.0,0.0,0.0,0.0,0.02,0.0,0.0
2372,0.5,0.12,0.07,0.23,0.0,0.01,0.0,0.0,0.0,0.04,0.0,0.02,0.01
2376,0.57,0.22,0.11,0.03,0.01,0.03,0.02,0.0,0.0,0.01,0.0,0.0,0.0
2377,0.66,0.22,0.06,0.02,0.02,0.0,0.0,0.0,0.0,0.02,0.0,0.0,0.0
2382,0.16,0.29,0.06,0.12,0.02,0.24,0.0,0.08,0.0,0.0,0.03,0.0,0.0
2391,0.64,0.13,0.13,0.01,0.01,0.01,0.01,0.0,0.01,0.04,0.0,0.01,0.0
2396,0.53,0.25,0.04,0.06,0.03,0.09,0.0,0.0,0.0,0.0,0.0,0.0,0.0
2399,0.54,0.29,0.04,0.07,0.0,0.04,0.01,0.0,0.0,0.0,0.0,0.01,0.0
2406,0.85,0.1,0.0,0.01,0.02,0.0,0.01,0.0,0.0,0.0,0.01,0.0,0.0
2410,0.3,0.24,0.02,0.22,0.17,0.03,0.0,0.01,0.0,0.0,0.01,0.0,0.0
2413,0.75,0.08,0.1,0.0,0.0,0.0,0.03,0.0,0.03,0.01,0.0,0.0,0.0
2414,0.16,0.59,0.01,0.0,0.0,0.21,0.0,0.01,0.01,0.0,0.0,0.01,0.0
2416,0.57,0.37,0.01,0.04,0.0,0.0,0.0,0.0,0.01,0.0,0.0,0.0,0.0
2420,0.26,0.53,0.02,0.18,0.0,0.0,0.01,0.0,0.0,0.0,0.0,0.0,0.0
2424,0.34,0.24,0.02,0.2,0.02,0.09,0.0,0.09,0.0,0.0,0.0,0.0,0.0
2448,0.3,0.43,0.07,0.15,0.0,0.01,0.0,0.0,0.0,0.04,0.0,0.0,0.0
2468,0.44,0.03,0.12,0.18,0.0,0.21,0.0,0.01,0.01,0.0,0.0,0.0,0.0
2476,0.95,0.0,0.02,0.03,0.0,0.0,0.0,0.0,0.0,0.0,0.0,0.0,0.0
2483,0.97,0.02,0.01,0.0,0.0,0.0,0.0,0.0,0.0,0.0,0.0,0.0,0.0
2484,0.95,0.03,0.01,0.01,0.0,0.0,0.0,0.0,0.0,0.0,0.0,0.0,0.0
2485,0.9,0.06,0.01,0.01,0.01,0.0,0.0,0.0,0.0,0.01,0.0,0.0,0.0
2488,0.71,0.13,0.03,0.03,0.01,0.07,0.0,0.0,0.0,0.0,0.0,0.02,0.0
2494,0.73,0.09,0.01,0.14,0.0,0.01,0.0,0.0,0.01,0.0,0.0,0.01,0.0
2504,0.95,0.03,0.01,0.01,0.0,0.0,0.0,0.0,0.0,0.0,0.0,0.0,0.0
2510,0.79,0.19,0.01,0.0,0.0,0.01,0.0,0.0,0.0,0.0,0.0,0.0,0.0
2515,0.82,0.12,0.04,0.02,0.0,0.0,0.0,0.0,0.0,0.0,0.0,0.0,0.0
2520,0.65,0.14,0.06,0.1,0.0,0.03,0.01,0.0,0.0,0.0,0.01,0.0,0.0
2533,0.73,0.13,0.05,0.05,0.0,0.01,0.01,0.0,0.0,0.01,0.01,0.0,0.0
2541,0.33,0.46,0.03,0.08,0.0,0.07,0.01,0.0,0.0,0.0,0.01,0.0,0.01
2542,0.72,0.15,0.08,0.02,0.0,0.02,0.0,0.01,0.0,0.0,0.0,0.0,0.0
2545,0.18,0.46,0.01,0.18,0.06,0.08,0.0,0.0,0.0,0.03,0.0,0.0,0.0
2547,0.46,0.26,0.21,0.05,0.0,0.01,0.01,0.0,0.0,0.0,0.0,0.0,0.0
2551,0.45,0.3,0.16,0.03,0.01,0.05,0.0,0.0,0.0,0.0,0.0,0.0,0.0
2556,0.92,0.07,0.01,0.0,0.0,0.0,0.0,0.0,0.0,0.0,0.0,0.0,0.0
2564,0.12,0.13,0.02,0.28,0.03,0.13,0.0,0.26,0.0,0.0,0.02,0.0,0.01
2577,0.49,0.33,0.02,0.13,0.0,0.0,0.0,0.0,0.0,0.03,0.0,0.0,0.0
2580,0.54,0.3,0.09,0.0,0.01,0.06,0.0,0.0,0.0,0.0,0.0,0.0,0.0
2581,0.62,0.24,0.1,0.02,0.0,0.01,0.0,0.0,0.0,0.01,0.0,0.0,0.0
2588,0.66,0.26,0.01,0.01,0.02,0.0,0.04,0.0,0.0,0.0,0.0,0.0,0.0
2596,0.77,0.1,0.0,0.05,0.0,0.0,0.01,0.0,0.0,0.0,0.0,0.07,0.0
2614,0.66,0.29,0.03,0.01,0.0,0.0,0.0,0.0,0.0,0.01,0.0,0.0,0.0
2619,0.31,0.22,0.02,0.16,0.06,0.08,0.0,0.01,0.0,0.04,0.08,0.02,0.0
2620,0.65,0.3,0.01,0.01,0.0,0.0,0.0,0.0,0.0,0.03,0.0,0.0,0.0
2622,0.86,0.08,0.01,0.01,0.0,0.03,0.0,0.0,0.0,0.01,0.0,0.0,0.0
2623,0.07,0.22,0.04,0.1,0.0,0.53,0.0,0.04,0.0,0.0,0.0,0.0,0.0
2631,0.15,0.43,0.01,0.06,0.01,0.19,0.0,0.13,0.0,0.0,0.01,0.01,0.0
2639,0.73,0.24,0.0,0.0,0.0,0.0,0.02,0.0,0.0,0.0,0.0,0.01,0.0
2647,0.52,0.17,0.15,0.01,0.0,0.15,0.0,0.0,0.0,0.0,0.0,0.0,0.0
2651,0.79,0.19,0.01,0.01,0.0,0.0,0.0,0.0,0.0,0.0,0.0,0.0,0.0
2654,0.21,0.49,0.03,0.13,0.06,0.06,0.0,0.01,0.0,0.01,0.0,0.0,0.0
2655,0.56,0.21,0.09,0.08,0.0,0.0,0.01,0.01,0.0,0.0,0.03,0.01,0.0
2656,0.69,0.13,0.0,0.07,0.0,0.01,0.0,0.0,0.0,0.0,0.0,0.09,0.01
2661,0.23,0.36,0.0,0.2,0.13,0.07,0.0,0.0,0.0,0.0,0.01,0.0,0.0
2673,0.8,0.11,0.02,0.06,0.0,0.0,0.0,0.0,0.0,0.0,0.0,0.01,0.0
2675,0.86,0.04,0.05,0.02,0.0,0.0,0.02,0.0,0.0,0.01,0.0,0.0,0.0
2696,0.91,0.07,0.01,0.0,0.0,0.0,0.0,0.0,0.0,0.0,0.0,0.01,0.0
2698,0.86,0.11,0.0,0.01,0.0,0.01,0.01,0.0,0.0,0.0,0.0,0.0,0.0
2704,0.11,0.21,0.03,0.39,0.01,0.24,0.0,0.0,0.0,0.0,0.01,0.0,0.0
2708,0.81,0.11,0.01,0.01,0.01,0.01,0.0,0.0,0.04,0.0,0.0,0.0,0.0
2711,0.42,0.11,0.0,0.23,0.01,0.1,0.0,0.01,0.0,0.0,0.0,0.04,0.08
2725,0.45,0.44,0.06,0.01,0.0,0.0,0.0,0.0,0.03,0.01,0.0,0.0,0.0
2726,0.64,0.32,0.0,0.04,0.0,0.0,0.0,0.0,0.0,0.0,0.0,0.0,0.0
2737,0.36,0.06,0.06,0.37,0.0,0.08,0.0,0.0,0.0,0.0,0.01,0.06,0.0
2742,0.82,0.12,0.02,0.01,0.0,0.01,0.0,0.0,0.0,0.02,0.0,0.0,0.0
2743,0.4,0.5,0.09,0.0,0.0,0.0,0.0,0.0,0.0,0.01,0.0,0.0,0.0
2744,0.55,0.18,0.14,0.03,0.01,0.04,0.01,0.0,0.02,0.01,0.01,0.0,0.0
2745,0.86,0.07,0.07,0.0,0.0,0.0,0.0,0.0,0.0,0.0,0.0,0.0,0.0
2746,0.83,0.14,0.02,0.01,0.0,0.0,0.0,0.0,0.0,0.0,0.0,0.0,0.0
2747,0.58,0.14,0.26,0.02,0.0,0.0,0.0,0.0,0.0,0.0,0.0,0.0,0.0
2757,0.08,0.26,0.01,0.37,0.12,0.07,0.0,0.07,0.0,0.0,0.01,0.0,0.01
2762,0.3,0.23,0.01,0.15,0.0,0.29,0.0,0.01,0.0,0.0,0.0,0.01,0.0
2780,0.66,0.18,0.01,0.04,0.01,0.09,0.0,0.01,0.0,0.0,0.0,0.0,0.0
2791,0.27,0.06,0.0,0.55,0.0,0.04,0.0,0.01,0.0,0.0,0.01,0.0,0.06
2792,0.68,0.21,0.05,0.05,0.01,0.0,0.0,0.0,0.0,0.0,0.0,0.0,0.0
2809,0.84,0.1,0.02,0.03,0.01,0.0,0.0,0.0,0.0,0.0,0.0,0.0,0.0
2812,0.92,0.06,0.0,0.02,0.0,0.0,0.0,0.0,0.0,0.0,0.0,0.0,0.0
2816,0.81,0.13,0.03,0.0,0.0,0.03,0.0,0.0,0.0,0.0,0.0,0.0,0.0
2821,0.52,0.17,0.01,0.06,0.0,0.13,0.0,0.08,0.0,0.0,0.01,0.02,0.0
2825,0.59,0.22,0.02,0.1,0.0,0.04,0.0,0.02,0.0,0.0,0.01,0.0,0.0
2830,0.56,0.3,0.09,0.0,0.0,0.03,0.01,0.0,0.0,0.0,0.0,0.01,0.0
2834,0.43,0.36,0.13,0.08,0.0,0.0,0.0,0.0,0.0,0.0,0.0,0.0,0.0
2851,0.28,0.26,0.05,0.16,0.0,0.16,0.0,0.06,0.0,0.03,0.0,0.0,0.0
2852,0.38,0.34,0.21,0.04,0.0,0.0,0.0,0.0,0.02,0.01,0.0,0.0,0.0
2857,0.28,0.43,0.02,0.06,0.0,0.02,0.0,0.08,0.0,0.0,0.11,0.0,0.0
2862,0.95,0.05,0.0,0.0,0.0,0.0,0.0,0.0,0.0,0.0,0.0,0.0,0.0
2865,0.48,0.15,0.08,0.18,0.0,0.01,0.01,0.0,0.0,0.03,0.0,0.06,0.0
2867,0.8,0.05,0.06,0.02,0.0,0.0,0.0,0.0,0.0,0.07,0.0,0.0,0.0
2868,0.33,0.22,0.03,0.07,0.02,0.18,0.0,0.0,0.0,0.01,0.06,0.08,0.0
2873,0.81,0.1,0.01,0.05,0.0,0.0,0.0,0.0,0.0,0.02,0.0,0.01,0.0
2879,0.77,0.15,0.03,0.02,0.02,0.0,0.0,0.0,0.01,0.0,0.0,0.0,0.0
2883,0.54,0.19,0.03,0.24,0.0,0.0,0.0,0.0,0.0,0.0,0.0,0.0,0.0
2884,0.83,0.13,0.02,0.0,0.0,0.01,0.0,0.0,0.0,0.01,0.0,0.0,0.0
2886,0.49,0.21,0.13,0.09,0.0,0.0,0.01,0.0,0.0,0.06,0.0,0.01,0.0
2887,0.82,0.15,0.01,0.02,0.0,0.0,0.0,0.0,0.0,0.0,0.0,0.0,0.0
2902,0.19,0.55,0.01,0.08,0.0,0.16,0.0,0.01,0.0,0.0,0.0,0.0,0.0
2905,0.11,0.52,0.0,0.14,0.18,0.04,0.0,0.0,0.0,0.01,0.0,0.0,0.0
2912,0.24,0.26,0.04,0.2,0.01,0.01,0.19,0.0,0.04,0.0,0.0,0.01,0.0
2926,0.85,0.13,0.0,0.01,0.0,0.0,0.0,0.0,0.0,0.01,0.0,0.0,0.0
2928,0.11,0.42,0.05,0.1,0.03,0.23,0.0,0.04,0.0,0.0,0.01,0.01,0.0
2936,0.25,0.24,0.0,0.15,0.0,0.32,0.0,0.0,0.0,0.0,0.02,0.02,0.0
2937,0.31,0.23,0.0,0.16,0.04,0.17,0.0,0.01,0.0,0.01,0.0,0.07,0.0
2939,0.39,0.34,0.02,0.08,0.01,0.04,0.02,0.01,0.0,0.0,0.09,0.0,0.0
2942,0.42,0.35,0.0,0.2,0.0,0.0,0.03,0.0,0.0,0.0,0.0,0.0,0.0
2944,0.13,0.62,0.09,0.09,0.02,0.0,0.02,0.0,0.0,0.03,0.0,0.0,0.0
2949,0.91,0.06,0.01,0.02,0.0,0.0,0.0,0.0,0.0,0.0,0.0,0.0,0.0
2951,0.91,0.05,0.04,0.0,0.0,0.0,0.0,0.0,0.0,0.0,0.0,0.0,0.0
2953,0.26,0.37,0.01,0.07,0.03,0.14,0.0,0.07,0.0,0.03,0.01,0.01,0.0
2954,0.82,0.09,0.01,0.01,0.0,0.07,0.0,0.0,0.0,0.0,0.0,0.0,0.0
2960,0.55,0.28,0.01,0.06,0.01,0.02,0.0,0.0,0.0,0.07,0.0,0.0,0.0
2962,0.85,0.14,0.0,0.0,0.01,0.0,0.0,0.0,0.0,0.0,0.0,0.0,0.0
2969,0.74,0.16,0.01,0.05,0.0,0.01,0.0,0.0,0.0,0.01,0.0,0.02,0.0
2974,0.26,0.38,0.01,0.2,0.05,0.04,0.01,0.01,0.0,0.0,0.04,0.0,0.0
2979,0.62,0.19,0.04,0.09,0.01,0.01,0.01,0.0,0.0,0.0,0.0,0.0,0.03
2982,0.82,0.07,0.0,0.07,0.0,0.04,0.0,0.0,0.0,0.0,0.0,0.0,0.0
2986,0.43,0.38,0.01,0.09,0.0,0.04,0.0,0.0,0.0,0.0,0.04,0.01,0.0
2991,0.67,0.23,0.09,0.0,0.0,0.0,0.0,0.0,0.01,0.0,0.0,0.0,0.0
2998,0.46,0.23,0.13,0.04,0.01,0.1,0.0,0.03,0.0,0.0,0.0,0.0,0.0
2999,0.85,0.1,0.03,0.01,0.0,0.01,0.0,0.0,0.0,0.0,0.0,0.0,0.0
3001,0.47,0.41,0.03,0.07,0.0,0.0,0.01,0.0,0.01,0.0,0.0,0.0,0.0
3003,0.47,0.31,0.09,0.07,0.03,0.02,0.01,0.0,0.0,0.0,0.0,0.0,0.0
3018,0.84,0.12,0.03,0.01,0.0,0.0,0.0,0.0,0.0,0.0,0.0,0.0,0.0
3040,0.78,0.11,0.03,0.07,0.0,0.01,0.0,0.0,0.0,0.0,0.0,0.0,0.0
3044,0.3,0.41,0.03,0.09,0.0,0.1,0.02,0.04,0.0,0.0,0.0,0.01,0.0
3049,0.63,0.23,0.02,0.07,0.0,0.0,0.04,0.0,0.01,0.0,0.0,0.0,0.0
3061,0.51,0.28,0.04,0.02,0.02,0.0,0.0,0.0,0.0,0.13,0.0,0.0,0.0
3071,0.81,0.18,0.0,0.01,0.0,0.0,0.0,0.0,0.0,0.0,0.0,0.0,0.0
3074,0.91,0.06,0.01,0.01,0.0,0.0,0.0,0.0,0.0,0.0,0.0,0.01,0.0
3076,0.71,0.06,0.01,0.17,0.0,0.05,0.0,0.0,0.0,0.0,0.0,0.0,0.0
3077,0.05,0.21,0.0,0.25,0.05,0.22,0.0,0.18,0.0,0.02,0.01,0.0,0.01
3079,0.17,0.62,0.03,0.13,0.03,0.0,0.01,0.0,0.0,0.0,0.01,0.0,0.0
3084,0.73,0.19,0.01,0.02,0.01,0.03,0.0,0.0,0.0,0.01,0.0,0.0,0.0
3091,0.3,0.25,0.02,0.14,0.03,0.13,0.02,0.0,0.0,0.1,0.01,0.0,0.0
3093,0.21,0.44,0.01,0.18,0.0,0.05,0.01,0.0,0.0,0.08,0.01,0.01,0.0
3095,0.8,0.17,0.02,0.01,0.0,0.0,0.0,0.0,0.0,0.0,0.0,0.0,0.0
3101,0.93,0.02,0.04,0.01,0.0,0.0,0.0,0.0,0.0,0.0,0.0,0.0,0.0
3103,0.93,0.01,0.01,0.04,0.0,0.01,0.0,0.0,0.0,0.0,0.0,0.0,0.0
3113,0.86,0.03,0.08,0.0,0.0,0.02,0.0,0.0,0.01,0.0,0.0,0.0,0.0
3115,0.86,0.13,0.0,0.01,0.0,0.0,0.0,0.0,0.0,0.0,0.0,0.0,0.0
3118,0.75,0.13,0.11,0.0,0.0,0.0,0.0,0.0,0.0,0.01,0.0,0.0,0.0
3119,0.57,0.23,0.07,0.03,0.0,0.06,0.03,0.0,0.0,0.0,0.0,0.01,0.0
3121,0.34,0.28,0.04,0.09,0.03,0.13,0.0,0.05,0.0,0.02,0.0,0.02,0.0
3136,0.66,0.19,0.03,0.0,0.05,0.03,0.03,0.0,0.0,0.01,0.0,0.0,0.0
3137,0.22,0.24,0.04,0.11,0.01,0.31,0.02,0.05,0.0,0.0,0.0,0.0,0.0
3139,0.9,0.08,0.01,0.0,0.0,0.0,0.0,0.0,0.0,0.0,0.0,0.01,0.0
3147,0.92,0.07,0.0,0.0,0.0,0.0,0.0,0.0,0.0,0.0,0.01,0.0,0.0
3160,0.51,0.28,0.04,0.02,0.01,0.08,0.0,0.06,0.0,0.0,0.0,0.0,0.0
3161,0.19,0.35,0.0,0.02,0.03,0.33,0.0,0.0,0.0,0.0,0.08,0.0,0.0
3170,0.12,0.2,0.02,0.27,0.01,0.28,0.0,0.08,0.0,0.0,0.0,0.02,0.0
3171,0.82,0.04,0.03,0.02,0.0,0.09,0.0,0.0,0.0,0.0,0.0,0.0,0.0
3177,0.66,0.09,0.06,0.08,0.0,0.06,0.01,0.0,0.02,0.0,0.0,0.0,0.02
3180,0.51,0.26,0.04,0.03,0.11,0.01,0.02,0.0,0.01,0.0,0.01,0.0,0.0
3183,0.25,0.24,0.02,0.2,0.01,0.11,0.11,0.0,0.0,0.0,0.06,0.0,0.0
3187,0.95,0.04,0.0,0.0,0.0,0.0,0.0,0.0,0.0,0.0,0.0,0.01,0.0
3198,0.14,0.71,0.04,0.08,0.01,0.01,0.0,0.0,0.0,0.0,0.01,0.0,0.0
3201,0.86,0.07,0.06,0.01,0.0,0.0,0.0,0.0,0.0,0.0,0.0,0.0,0.0
3219,0.48,0.34,0.02,0.14,0.0,0.0,0.0,0.0,0.0,0.02,0.0,0.0,0.0
3221,0.63,0.03,0.31,0.02,0.0,0.0,0.0,0.0,0.01,0.0,0.0,0.0,0.0
3224,0.76,0.1,0.07,0.07,0.0,0.0,0.0,0.0,0.0,0.0,0.0,0.0,0.0
3233,0.75,0.16,0.05,0.0,0.0,0.02,0.02,0.0,0.0,0.0,0.0,0.0,0.0
3235,0.55,0.4,0.03,0.01,0.0,0.0,0.0,0.0,0.0,0.01,0.0,0.0,0.0
3251,0.75,0.14,0.08,0.01,0.0,0.0,0.0,0.0,0.0,0.02,0.0,0.0,0.0
3256,0.28,0.37,0.03,0.16,0.02,0.01,0.1,0.0,0.0,0.03,0.0,0.0,0.0
3267,0.43,0.07,0.02,0.2,0.04,0.17,0.0,0.05,0.0,0.0,0.0,0.02,0.0
3272,0.73,0.13,0.04,0.01,0.0,0.04,0.0,0.04,0.0,0.0,0.0,0.01,0.0
3276,0.72,0.11,0.02,0.08,0.0,0.02,0.02,0.0,0.03,0.0,0.0,0.0,0.0
3279,0.39,0.43,0.06,0.07,0.01,0.0,0.04,0.0,0.0,0.0,0.0,0.0,0.0
3286,0.76,0.16,0.02,0.01,0.0,0.02,0.0,0.0,0.03,0.0,0.0,0.0,0.0
3291,0.35,0.2,0.03,0.07,0.04,0.1,0.0,0.14,0.0,0.04,0.02,0.0,0.01
3295,0.55,0.21,0.04,0.11,0.0,0.06,0.01,0.01,0.0,0.0,0.0,0.01,0.0
3297,0.09,0.51,0.04,0.08,0.0,0.18,0.01,0.0,0.0,0.03,0.06,0.0,0.0
3311,0.38,0.2,0.01,0.18,0.05,0.15,0.0,0.0,0.0,0.0,0.01,0.02,0.0
3359,0.25,0.2,0.0,0.53,0.0,0.0,0.0,0.0,0.0,0.0,0.01,0.0,0.01
3366,0.25,0.31,0.01,0.26,0.0,0.12,0.05,0.0,0.0,0.0,0.0,0.0,0.0
3368,0.9,0.06,0.04,0.0,0.0,0.0,0.0,0.0,0.0,0.0,0.0,0.0,0.0
3379,0.13,0.33,0.03,0.22,0.02,0.14,0.0,0.09,0.0,0.0,0.04,0.0,0.0
3382,0.56,0.35,0.01,0.0,0.02,0.03,0.01,0.01,0.0,0.0,0.01,0.0,0.0
3383,0.91,0.08,0.0,0.01,0.0,0.0,0.0,0.0,0.0,0.0,0.0,0.0,0.0
3398,0.56,0.25,0.04,0.03,0.02,0.07,0.0,0.0,0.01,0.01,0.01,0.0,0.0
3405,0.37,0.25,0.02,0.32,0.0,0.0,0.0,0.0,0.04,0.0,0.0,0.0,0.0
3413,0.49,0.23,0.02,0.15,0.0,0.09,0.0,0.01,0.0,0.0,0.01,0.0,0.0
3417,0.25,0.12,0.01,0.28,0.0,0.22,0.12,0.0,0.0,0.0,0.0,0.0,0.0
3451,0.12,0.19,0.04,0.46,0.07,0.1,0.0,0.02,0.0,0.0,0.0,0.0,0.0
3456,0.1,0.14,0.0,0.3,0.05,0.11,0.0,0.28,0.0,0.0,0.01,0.0,0.01
3459,0.74,0.0,0.03,0.01,0.0,0.21,0.0,0.0,0.0,0.0,0.0,0.01,0.0
3462,0.17,0.37,0.0,0.1,0.13,0.05,0.0,0.17,0.0,0.0,0.01,0.0,0.0
3475,0.43,0.41,0.09,0.05,0.0,0.02,0.0,0.0,0.0,0.0,0.0,0.0,0.0
3483,0.78,0.11,0.03,0.07,0.01,0.0,0.0,0.0,0.0,0.0,0.0,0.0,0.0
3485,0.23,0.37,0.05,0.2,0.0,0.15,0.0,0.0,0.0,0.0,0.0,0.0,0.0
3496,0.32,0.21,0.0,0.25,0.03,0.13,0.0,0.03,0.0,0.0,0.0,0.03,0.0
3497,0.64,0.04,0.02,0.16,0.01,0.09,0.0,0.0,0.0,0.03,0.0,0.01,0.0
3498,0.73,0.13,0.01,0.07,0.0,0.06,0.0,0.0,0.0,0.0,0.0,0.0,0.0
3499,0.59,0.04,0.01,0.04,0.0,0.3,0.0,0.0,0.0,0.0,0.0,0.02,0.0
3506,0.1,0.2,0.02,0.53,0.03,0.09,0.0,0.01,0.0,0.02,0.0,0.0,0.0
3518,0.82,0.16,0.01,0.01,0.0,0.0,0.0,0.0,0.0,0.0,0.0,0.0,0.0
3521,0.47,0.1,0.05,0.13,0.01,0.22,0.0,0.01,0.0,0.0,0.0,0.0,0.01
3527,0.49,0.32,0.16,0.02,0.0,0.0,0.0,0.0,0.0,0.01,0.0,0.0,0.0
3561,0.86,0.14,0.0,0.0,0.0,0.0,0.0,0.0,0.0,0.0,0.0,0.0,0.0
3563,0.78,0.1,0.06,0.04,0.0,0.01,0.0,0.0,0.0,0.0,0.0,0.01,0.0
3570,0.96,0.03,0.01,0.0,0.0,0.0,0.0,0.0,0.0,0.0,0.0,0.0,0.0
3584,0.55,0.27,0.11,0.03,0.0,0.0,0.0,0.0,0.04,0.0,0.0,0.0,0.0
3590,0.87,0.12,0.0,0.0,0.0,0.0,0.01,0.0,0.0,0.0,0.0,0.0,0.0
3595,0.14,0.29,0.05,0.05,0.01,0.4,0.0,0.04,0.0,0.0,0.01,0.01,0.0
3598,0.89,0.08,0.02,0.01,0.0,0.0,0.0,0.0,0.0,0.0,0.0,0.0,0.0
3600,0.89,0.01,0.09,0.01,0.0,0.0,0.0,0.0,0.0,0.0,0.0,0.0,0.0
3602,0.81,0.08,0.02,0.01,0.0,0.03,0.04,0.0,0.0,0.0,0.0,0.01,0.0
3605,0.87,0.13,0.0,0.0,0.0,0.0,0.0,0.0,0.0,0.0,0.0,0.0,0.0
3608,0.3,0.57,0.0,0.06,0.02,0.02,0.0,0.0,0.0,0.0,0.02,0.01,0.0
3610,0.83,0.08,0.0,0.02,0.0,0.03,0.04,0.0,0.0,0.0,0.0,0.0,0.0
3614,0.38,0.14,0.04,0.07,0.01,0.12,0.0,0.0,0.0,0.0,0.01,0.23,0.0
3615,0.72,0.1,0.15,0.01,0.0,0.0,0.0,0.0,0.0,0.02,0.0,0.0,0.0
3616,0.75,0.15,0.05,0.01,0.04,0.0,0.0,0.0,0.0,0.0,0.0,0.0,0.0
3622,0.93,0.07,0.0,0.0,0.0,0.0,0.0,0.0,0.0,0.0,0.0,0.0,0.0
3624,0.59,0.33,0.0,0.02,0.0,0.01,0.0,0.05,0.0,0.0,0.0,0.0,0.0
3630,0.67,0.12,0.03,0.09,0.0,0.08,0.0,0.0,0.0,0.0,0.01,0.0,0.0
3634,0.89,0.04,0.03,0.02,0.01,0.0,0.0,0.0,0.0,0.0,0.0,0.01,0.0
3645,0.0,0.0,0.0,0.84,0.0,0.0,0.0,0.0,0.0,0.0,0.0,0.0,0.16
3656,0.05,0.02,0.0,0.9,0.0,0.0,0.01,0.01,0.01,0.0,0.0,0.0,0.0
3660,0.0,0.0,0.0,0.97,0.0,0.0,0.0,0.0,0.0,0.0,0.0,0.0,0.03
3665,0.0,0.0,0.0,0.92,0.01,0.0,0.0,0.0,0.0,0.0,0.0,0.0,0.07
3677,0.0,0.0,0.0,0.75,0.0,0.0,0.0,0.0,0.0,0.0,0.02,0.0,0.23
3678,0.0,0.0,0.0,0.8,0.0,0.0,0.0,0.0,0.0,0.0,0.01,0.0,0.19
3679,0.01,0.0,0.0,0.74,0.0,0.0,0.0,0.0,0.0,0.0,0.02,0.0,0.23
3684,0.0,0.0,0.0,0.93,0.0,0.0,0.0,0.0,0.0,0.0,0.0,0.0,0.07
3690,0.0,0.01,0.0,0.67,0.0,0.0,0.0,0.0,0.0,0.0,0.0,0.0,0.32
3697,0.06,0.02,0.0,0.45,0.0,0.0,0.0,0.23,0.0,0.0,0.08,0.0,0.16
3700,0.01,0.03,0.0,0.63,0.0,0.0,0.0,0.11,0.0,0.0,0.07,0.0,0.15
3707,0.0,0.0,0.0,0.93,0.0,0.0,0.0,0.0,0.0,0.0,0.0,0.0,0.07
3711,0.02,0.0,0.0,0.82,0.0,0.0,0.0,0.0,0.0,0.0,0.0,0.0,0.16
3712,0.01,0.0,0.0,0.57,0.0,0.0,0.0,0.01,0.0,0.0,0.0,0.0,0.41
3720,0.03,0.04,0.0,0.77,0.0,0.0,0.0,0.0,0.0,0.0,0.0,0.0,0.16
3726,0.0,0.13,0.0,0.83,0.0,0.0,0.0,0.0,0.0,0.0,0.0,0.0,0.04
3729,0.0,0.0,0.0,0.93,0.0,0.0,0.0,0.01,0.0,0.0,0.06,0.0,0.0
3738,0.0,0.01,0.0,0.33,0.0,0.0,0.0,0.02,0.0,0.0,0.0,0.0,0.64
3752,0.23,0.04,0.02,0.6,0.0,0.08,0.01,0.0,0.0,0.0,0.0,0.01,0.01
3758,0.0,0.0,0.0,0.91,0.0,0.0,0.0,0.0,0.0,0.0,0.0,0.0,0.09
3759,0.0,0.0,0.0,0.8,0.0,0.0,0.0,0.0,0.0,0.0,0.0,0.0,0.2
3760,0.0,0.0,0.0,0.74,0.0,0.0,0.0,0.0,0.0,0.0,0.0,0.0,0.26
3773,0.03,0.0,0.0,0.57,0.0,0.0,0.0,0.11,0.0,0.0,0.18,0.0,0.11
3774,0.0,0.0,0.0,0.97,0.0,0.0,0.02,0.0,0.0,0.0,0.0,0.0,0.01
3788,0.04,0.0,0.0,0.9,0.0,0.01,0.0,0.0,0.0,0.0,0.0,0.0,0.05
3792,0.0,0.04,0.0,0.8,0.14,0.0,0.0,0.0,0.0,0.0,0.01,0.0,0.01
3801,0.0,0.01,0.0,0.82,0.0,0.0,0.01,0.0,0.0,0.0,0.0,0.0,0.16
3804,0.0,0.0,0.0,0.78,0.0,0.0,0.0,0.0,0.0,0.0,0.01,0.0,0.21
3809,0.03,0.02,0.0,0.91,0.0,0.0,0.0,0.0,0.01,0.0,0.0,0.0,0.03
3811,0.01,0.01,0.0,0.93,0.0,0.0,0.0,0.0,0.0,0.0,0.0,0.0,0.05
3812,0.01,0.01,0.0,0.93,0.0,0.01,0.0,0.0,0.0,0.0,0.0,0.0,0.04
3817,0.0,0.0,0.0,0.91,0.0,0.0,0.0,0.01,0.0,0.0,0.02,0.0,0.06
3835,0.0,0.0,0.0,0.98,0.0,0.0,0.01,0.0,0.0,0.0,0.0,0.0,0.01
3836,0.0,0.0,0.0,0.96,0.0,0.0,0.0,0.0,0.0,0.0,0.0,0.0,0.04
3838,0.0,0.0,0.0,0.99,0.0,0.0,0.0,0.0,0.0,0.0,0.0,0.0,0.01
3846,0.01,0.0,0.0,0.81,0.0,0.0,0.0,0.01,0.0,0.0,0.04,0.0,0.13
3855,0.05,0.02,0.0,0.89,0.01,0.0,0.0,0.0,0.0,0.0,0.0,0.0,0.03
3861,0.01,0.0,0.0,0.97,0.0,0.0,0.0,0.0,0.0,0.0,0.01,0.0,0.01
3862,0.0,0.0,0.0,0.92,0.0,0.0,0.0,0.0,0.0,0.0,0.0,0.0,0.08
3871,0.02,0.0,0.0,0.71,0.0,0.0,0.0,0.0,0.0,0.0,0.01,0.0,0.26
3872,0.02,0.03,0.01,0.76,0.01,0.04,0.0,0.02,0.0,0.0,0.0,0.01,0.1
3876,0.0,0.03,0.02,0.92,0.0,0.0,0.0,0.0,0.0,0.0,0.0,0.0,0.03
3881,0.0,0.0,0.0,0.94,0.0,0.0,0.0,0.0,0.0,0.0,0.0,0.0,0.06
3889,0.0,0.0,0.0,0.98,0.0,0.0,0.0,0.0,0.0,0.0,0.0,0.0,0.02
3893,0.0,0.0,0.0,0.98,0.0,0.0,0.0,0.0,0.0,0.0,0.0,0.0,0.02
3909,0.0,0.0,0.0,0.88,0.0,0.0,0.0,0.01,0.0,0.0,0.0,0.0,0.11
3914,0.0,0.0,0.0,0.95,0.0,0.0,0.02,0.0,0.0,0.0,0.0,0.0,0.03
3931,0.0,0.0,0.0,0.86,0.0,0.0,0.0,0.01,0.0,0.0,0.0,0.0,0.13
3932,0.0,0.0,0.0,0.72,0.0,0.0,0.0,0.0,0.0,0.0,0.0,0.0,0.28
3933,0.0,0.0,0.0,0.6,0.0,0.0,0.0,0.0,0.0,0.0,0.0,0.0,0.4
3935,0.0,0.0,0.0,0.95,0.0,0.0,0.0,0.0,0.0,0.0,0.01,0.0,0.04
3937,0.0,0.0,0.0,0.81,0.0,0.0,0.0,0.0,0.0,0.0,0.0,0.0,0.19
3940,0.0,0.0,0.0,0.98,0.0,0.0,0.0,0.0,0.01,0.0,0.0,0.0,0.01
3941,0.03,0.01,0.0,0.91,0.0,0.0,0.0,0.0,0.02,0.0,0.01,0.0,0.02
3944,0.0,0.04,0.0,0.49,0.0,0.0,0.0,0.25,0.0,0.0,0.22,0.0,0.0
3949,0.0,0.0,0.0,0.9,0.0,0.0,0.0,0.0,0.0,0.0,0.0,0.0,0.1
3968,0.0,0.0,0.0,0.98,0.0,0.0,0.0,0.0,0.0,0.0,0.01,0.0,0.01
3969,0.0,0.0,0.0,0.99,0.0,0.0,0.0,0.01,0.0,0.0,0.0,0.0,0.0
3975,0.04,0.01,0.0,0.59,0.0,0.0,0.0,0.14,0.0,0.0,0.01,0.0,0.21
3983,0.0,0.0,0.0,0.96,0.01,0.0,0.0,0.02,0.0,0.0,0.0,0.0,0.01
3989,0.0,0.28,0.0,0.41,0.01,0.01,0.0,0.11,0.0,0.0,0.12,0.0,0.06
3990,0.0,0.01,0.0,0.6,0.0,0.0,0.0,0.13,0.02,0.0,0.2,0.0,0.04
3998,0.0,0.0,0.0,0.99,0.0,0.0,0.0,0.0,0.0,0.0,0.0,0.0,0.01
4002,0.0,0.0,0.0,0.98,0.0,0.0,0.0,0.0,0.0,0.0,0.0,0.0,0.02
4003,0.0,0.0,0.0,0.98,0.0,0.0,0.0,0.0,0.0,0.0,0.0,0.0,0.02
4006,0.02,0.01,0.0,0.69,0.0,0.0,0.0,0.0,0.0,0.0,0.0,0.0,0.28
4011,0.01,0.0,0.0,0.98,0.0,0.0,0.0,0.0,0.0,0.0,0.0,0.0,0.01
4018,0.0,0.0,0.0,0.95,0.0,0.0,0.0,0.0,0.0,0.0,0.0,0.0,0.05
4020,0.0,0.0,0.0,0.8,0.0,0.01,0.0,0.0,0.0,0.0,0.04,0.0,0.15
4038,0.02,0.01,0.0,0.87,0.02,0.04,0.0,0.01,0.0,0.0,0.0,0.0,0.03
4039,0.01,0.0,0.0,0.43,0.0,0.0,0.0,0.22,0.01,0.0,0.03,0.0,0.3
4042,0.0,0.0,0.0,0.96,0.02,0.0,0.0,0.0,0.0,0.0,0.0,0.0,0.02
4044,0.0,0.0,0.0,0.86,0.14,0.0,0.0,0.0,0.0,0.0,0.0,0.0,0.0
4049,0.0,0.0,0.0,0.83,0.0,0.0,0.0,0.0,0.0,0.0,0.01,0.0,0.16
4058,0.0,0.0,0.0,0.98,0.0,0.0,0.0,0.01,0.0,0.0,0.0,0.0,0.01
4060,0.0,0.0,0.0,0.65,0.0,0.0,0.0,0.02,0.0,0.0,0.01,0.0,0.32
4061,0.0,0.0,0.0,0.84,0.0,0.0,0.0,0.0,0.0,0.0,0.0,0.0,0.16
4069,0.05,0.01,0.0,0.49,0.0,0.0,0.0,0.01,0.0,0.0,0.0,0.0,0.44
4070,0.1,0.0,0.0,0.53,0.0,0.0,0.0,0.01,0.0,0.0,0.0,0.0,0.36
4071,0.08,0.02,0.0,0.67,0.0,0.0,0.0,0.0,0.0,0.0,0.0,0.0,0.23
4089,0.0,0.0,0.0,0.97,0.0,0.0,0.0,0.0,0.0,0.0,0.0,0.0,0.03
4115,0.03,0.01,0.0,0.8,0.0,0.01,0.01,0.0,0.0,0.0,0.01,0.0,0.13
4116,0.0,0.0,0.0,0.85,0.0,0.0,0.0,0.0,0.0,0.0,0.0,0.0,0.15
4117,0.0,0.01,0.0,0.71,0.0,0.0,0.0,0.0,0.0,0.0,0.01,0.0,0.27
4118,0.0,0.0,0.0,0.86,0.0,0.0,0.0,0.0,0.0,0.0,0.0,0.0,0.14
4121,0.0,0.0,0.0,0.89,0.0,0.0,0.0,0.0,0.0,0.0,0.0,0.0,0.11
4122,0.03,0.01,0.0,0.65,0.0,0.0,0.0,0.12,0.0,0.0,0.13,0.0,0.06
4123,0.01,0.01,0.0,0.65,0.0,0.0,0.0,0.21,0.0,0.0,0.1,0.0,0.02
4124,0.02,0.0,0.0,0.77,0.0,0.0,0.0,0.19,0.0,0.0,0.02,0.0,0.0
4125,0.02,0.0,0.0,0.74,0.0,0.0,0.02,0.0,0.0,0.0,0.0,0.0,0.22
4126,0.0,0.0,0.0,0.79,0.0,0.0,0.0,0.0,0.0,0.0,0.01,0.0,0.2
4133,0.0,0.0,0.0,0.75,0.0,0.0,0.0,0.0,0.0,0.0,0.0,0.0,0.25
4134,0.0,0.0,0.0,0.86,0.0,0.0,0.0,0.0,0.0,0.0,0.0,0.0,0.14
4136,0.0,0.0,0.0,1.0,0.0,0.0,0.0,0.0,0.0,0.0,0.0,0.0,0.0
4137,0.0,0.0,0.0,0.89,0.0,0.0,0.0,0.0,0.0,0.0,0.0,0.0,0.11
4139,0.0,0.0,0.0,0.86,0.0,0.0,0.0,0.0,0.0,0.0,0.0,0.0,0.14
4141,0.0,0.0,0.0,0.95,0.0,0.0,0.0,0.0,0.0,0.0,0.02,0.0,0.03
4143,0.02,0.03,0.0,0.81,0.01,0.02,0.0,0.0,0.0,0.0,0.0,0.0,0.11
4145,0.01,0.01,0.02,0.86,0.0,0.0,0.01,0.0,0.0,0.0,0.0,0.0,0.09
4148,0.15,0.07,0.0,0.41,0.0,0.08,0.01,0.0,0.0,0.0,0.0,0.01,0.27
4150,0.0,0.0,0.0,0.99,0.0,0.0,0.01,0.0,0.0,0.0,0.0,0.0,0.0
4154,0.0,0.0,0.0,0.99,0.0,0.0,0.0,0.0,0.0,0.0,0.0,0.0,0.01
4155,0.0,0.0,0.0,0.87,0.0,0.0,0.0,0.0,0.0,0.0,0.0,0.0,0.13
4161,0.0,0.0,0.0,0.92,0.0,0.0,0.0,0.0,0.0,0.0,0.04,0.0,0.04
4165,0.0,0.0,0.0,0.76,0.0,0.01,0.0,0.0,0.0,0.0,0.0,0.0,0.23
4171,0.0,0.0,0.0,0.99,0.0,0.0,0.0,0.0,0.0,0.0,0.0,0.0,0.01
4172,0.01,0.0,0.0,0.91,0.0,0.0,0.0,0.0,0.0,0.0,0.05,0.0,0.03
4173,0.01,0.0,0.0,0.82,0.0,0.0,0.01,0.01,0.0,0.0,0.02,0.0,0.13
4182,0.0,0.0,0.0,0.84,0.0,0.0,0.0,0.0,0.0,0.0,0.0,0.0,0.16
4183,0.0,0.0,0.0,0.89,0.0,0.0,0.0,0.0,0.0,0.0,0.0,0.0,0.11
4197,0.0,0.0,0.0,0.99,0.0,0.0,0.0,0.0,0.0,0.0,0.0,0.0,0.01
4200,0.0,0.0,0.0,0.99,0.0,0.0,0.0,0.0,0.0,0.0,0.0,0.0,0.01
4210,0.0,0.0,0.0,0.94,0.0,0.0,0.0,0.0,0.0,0.0,0.04,0.0,0.02
4229,0.01,0.0,0.0,0.98,0.0,0.01,0.0,0.0,0.0,0.0,0.0,0.0,0.0
4230,0.0,0.0,0.0,0.91,0.0,0.0,0.0,0.07,0.0,0.0,0.0,0.0,0.02
4236,0.01,0.0,0.0,0.97,0.0,0.0,0.0,0.0,0.0,0.0,0.0,0.0,0.02
4240,0.0,0.0,0.0,1.0,0.0,0.0,0.0,0.0,0.0,0.0,0.0,0.0,0.0
4259,0.04,0.0,0.0,0.59,0.0,0.0,0.0,0.03,0.0,0.0,0.01,0.0,0.33
4260,0.01,0.02,0.0,0.25,0.0,0.0,0.0,0.0,0.0,0.0,0.0,0.0,0.72
4261,0.08,0.01,0.0,0.53,0.0,0.0,0.0,0.02,0.0,0.0,0.0,0.0,0.36
4266,0.04,0.01,0.0,0.84,0.0,0.0,0.0,0.0,0.0,0.0,0.0,0.0,0.11
4268,0.01,0.01,0.0,0.66,0.0,0.0,0.0,0.0,0.0,0.0,0.0,0.0,0.32
4272,0.0,0.03,0.0,0.88,0.08,0.0,0.0,0.0,0.0,0.0,0.0,0.0,0.01
4280,0.01,0.01,0.0,0.92,0.0,0.0,0.0,0.0,0.0,0.0,0.01,0.0,0.05
4289,0.0,0.05,0.0,0.74,0.0,0.0,0.0,0.02,0.0,0.0,0.03,0.0,0.16
4290,0.0,0.01,0.0,0.66,0.0,0.0,0.0,0.2,0.0,0.0,0.13,0.0,0.0
4302,0.0,0.02,0.0,0.96,0.0,0.0,0.0,0.0,0.0,0.0,0.0,0.0,0.02
4303,0.0,0.0,0.0,0.99,0.0,0.0,0.0,0.0,0.0,0.0,0.0,0.0,0.01
4313,0.0,0.0,0.0,0.98,0.0,0.0,0.01,0.0,0.0,0.0,0.0,0.0,0.01
4321,0.0,0.01,0.0,0.91,0.0,0.0,0.0,0.0,0.0,0.0,0.0,0.0,0.08
4325,0.0,0.0,0.0,0.99,0.0,0.0,0.0,0.0,0.0,0.0,0.0,0.0,0.01
4326,0.0,0.0,0.0,0.97,0.0,0.0,0.0,0.0,0.0,0.0,0.0,0.0,0.03
4328,0.0,0.0,0.0,0.93,0.0,0.0,0.0,0.0,0.0,0.0,0.04,0.0,0.03
4329,0.02,0.0,0.0,0.71,0.0,0.0,0.0,0.03,0.0,0.0,0.0,0.0,0.24
4346,0.0,0.0,0.0,0.88,0.0,0.0,0.0,0.0,0.0,0.0,0.04,0.0,0.08
4349,0.0,0.0,0.0,0.83,0.0,0.0,0.0,0.0,0.0,0.0,0.06,0.0,0.11
4350,0.0,0.0,0.0,0.86,0.0,0.0,0.0,0.0,0.0,0.0,0.02,0.0,0.12
4359,0.0,0.0,0.0,0.97,0.0,0.0,0.0,0.0,0.0,0.0,0.0,0.0,0.03
4365,0.0,0.01,0.0,0.78,0.0,0.01,0.0,0.0,0.0,0.0,0.0,0.0,0.2
4366,0.0,0.0,0.0,0.9,0.0,0.0,0.0,0.0,0.0,0.0,0.01,0.0,0.09
4367,0.0,0.0,0.0,0.99,0.0,0.0,0.0,0.0,0.0,0.0,0.0,0.0,0.01
4369,0.01,0.03,0.01,0.82,0.0,0.0,0.0,0.0,0.0,0.0,0.0,0.0,0.13
4370,0.0,0.0,0.0,0.96,0.0,0.0,0.0,0.0,0.0,0.0,0.0,0.0,0.04
4371,0.03,0.02,0.0,0.53,0.0,0.0,0.0,0.06,0.0,0.0,0.05,0.0,0.31
4372,0.03,0.02,0.0,0.71,0.0,0.0,0.0,0.05,0.0,0.0,0.04,0.0,0.15
4374,0.02,0.01,0.0,0.76,0.0,0.02,0.0,0.0,0.0,0.0,0.01,0.0,0.18
4389,0.0,0.0,0.0,0.95,0.0,0.0,0.0,0.0,0.0,0.0,0.0,0.0,0.05
4390,0.0,0.01,0.0,0.81,0.0,0.0,0.0,0.0,0.0,0.0,0.0,0.0,0.18
4391,0.0,0.0,0.0,0.93,0.0,0.0,0.0,0.0,0.0,0.0,0.01,0.0,0.06
4392,0.0,0.0,0.0,0.91,0.0,0.0,0.0,0.0,0.0,0.0,0.02,0.0,0.07
4394,0.01,0.0,0.0,0.89,0.0,0.0,0.0,0.0,0.0,0.0,0.0,0.0,0.1
4395,0.04,0.07,0.0,0.46,0.0,0.0,0.0,0.1,0.0,0.0,0.04,0.0,0.29
4397,0.01,0.03,0.0,0.41,0.0,0.0,0.0,0.15,0.01,0.0,0.06,0.0,0.33
4403,0.0,0.0,0.0,0.37,0.0,0.0,0.0,0.0,0.0,0.0,0.0,0.0,0.63
4404,0.0,0.0,0.0,0.88,0.0,0.0,0.0,0.0,0.0,0.0,0.0,0.0,0.12
4408,0.0,0.0,0.0,0.91,0.0,0.0,0.0,0.0,0.0,0.0,0.0,0.0,0.09
4415,0.0,0.0,0.0,0.92,0.0,0.0,0.0,0.0,0.0,0.0,0.0,0.0,0.08
4417,0.0,0.0,0.0,0.81,0.0,0.0,0.0,0.0,0.0,0.0,0.0,0.0,0.19
4418,0.0,0.0,0.0,0.89,0.0,0.0,0.0,0.0,0.0,0.0,0.0,0.0,0.11
4419,0.0,0.0,0.0,0.8,0.0,0.0,0.0,0.0,0.0,0.0,0.0,0.0,0.2
4422,0.0,0.01,0.0,0.86,0.0,0.01,0.0,0.0,0.0,0.0,0.0,0.0,0.12
4426,0.01,0.02,0.0,0.84,0.0,0.03,0.0,0.0,0.0,0.0,0.0,0.0,0.1
4428,0.0,0.01,0.0,0.95,0.0,0.01,0.0,0.0,0.0,0.0,0.01,0.0,0.02
4437,0.0,0.0,0.0,0.95,0.0,0.0,0.01,0.0,0.0,0.0,0.0,0.0,0.04
4438,0.0,0.0,0.0,0.94,0.0,0.0,0.0,0.0,0.0,0.0,0.01,0.0,0.05
4439,0.02,0.0,0.0,0.71,0.0,0.01,0.0,0.0,0.0,0.01,0.0,0.0,0.25
4440,0.0,0.02,0.0,0.79,0.01,0.0,0.0,0.0,0.01,0.0,0.0,0.0,0.17
4442,0.0,0.0,0.0,0.84,0.0,0.0,0.0,0.0,0.0,0.0,0.0,0.0,0.16
4452,0.0,0.0,0.0,0.94,0.0,0.0,0.0,0.0,0.0,0.0,0.0,0.0,0.06
4454,0.0,0.0,0.0,0.98,0.0,0.0,0.0,0.0,0.0,0.0,0.0,0.0,0.02
4457,0.0,0.0,0.0,0.92,0.0,0.0,0.0,0.0,0.0,0.0,0.0,0.0,0.08
4462,0.01,0.0,0.0,0.95,0.0,0.0,0.0,0.0,0.0,0.0,0.0,0.0,0.04
4478,0.01,0.0,0.0,0.81,0.0,0.0,0.0,0.0,0.0,0.0,0.01,0.0,0.17
4483,0.0,0.0,0.0,0.98,0.0,0.0,0.0,0.0,0.0,0.0,0.0,0.0,0.02
4496,0.0,0.0,0.0,0.94,0.0,0.0,0.0,0.0,0.0,0.0,0.01,0.0,0.05
4505,0.0,0.0,0.0,0.98,0.0,0.0,0.0,0.0,0.0,0.0,0.0,0.0,0.02
4512,0.0,0.0,0.0,0.95,0.0,0.0,0.02,0.0,0.0,0.0,0.0,0.0,0.03
4529,0.0,0.0,0.0,0.95,0.0,0.0,0.0,0.0,0.0,0.0,0.0,0.0,0.05
4538,0.06,0.09,0.03,0.36,0.0,0.0,0.0,0.0,0.0,0.0,0.0,0.0,0.46
4539,0.0,0.0,0.0,0.63,0.0,0.0,0.0,0.0,0.0,0.0,0.01,0.0,0.36
4540,0.0,0.0,0.0,0.8,0.0,0.0,0.0,0.0,0.0,0.0,0.0,0.0,0.2
4541,0.0,0.0,0.0,0.69,0.0,0.0,0.0,0.0,0.0,0.0,0.0,0.0,0.31
4542,0.0,0.0,0.0,0.83,0.0,0.0,0.0,0.0,0.0,0.0,0.01,0.0,0.16
4544,0.01,0.02,0.0,0.93,0.0,0.0,0.0,0.0,0.0,0.0,0.0,0.0,0.04
4566,0.0,0.0,0.0,0.79,0.0,0.0,0.0,0.1,0.0,0.0,0.0,0.0,0.11
4569,0.0,0.02,0.0,0.94,0.0,0.0,0.0,0.0,0.0,0.0,0.0,0.0,0.04
4572,0.0,0.0,0.0,0.96,0.01,0.0,0.0,0.0,0.0,0.0,0.0,0.0,0.03
4574,0.0,0.0,0.0,0.94,0.0,0.0,0.0,0.01,0.01,0.0,0.0,0.0,0.04
4575,0.01,0.01,0.0,0.96,0.0,0.0,0.0,0.01,0.0,0.0,0.0,0.0,0.01
4580,0.01,0.01,0.0,0.97,0.0,0.0,0.0,0.0,0.0,0.0,0.0,0.0,0.01
4589,0.0,0.0,0.0,0.99,0.0,0.0,0.0,0.0,0.0,0.0,0.0,0.0,0.01
4590,0.0,0.0,0.0,0.9,0.0,0.0,0.0,0.07,0.0,0.0,0.0,0.0,0.03
4599,0.0,0.0,0.0,0.99,0.0,0.0,0.0,0.01,0.0,0.0,0.0,0.0,0.0
4601,0.01,0.0,0.0,0.8,0.0,0.0,0.0,0.0,0.0,0.0,0.0,0.0,0.19
4602,0.01,0.0,0.0,0.8,0.0,0.0,0.0,0.0,0.0,0.0,0.0,0.0,0.19
4606,0.02,0.0,0.0,0.56,0.0,0.01,0.0,0.01,0.0,0.0,0.01,0.0,0.39
4609,0.0,0.0,0.0,0.99,0.0,0.0,0.0,0.0,0.0,0.0,0.0,0.0,0.01
4612,0.0,0.0,0.0,0.97,0.0,0.0,0.0,0.0,0.0,0.0,0.0,0.0,0.03
4614,0.0,0.01,0.0,0.98,0.0,0.0,0.0,0.0,0.0,0.0,0.0,0.0,0.01
4633,0.07,0.04,0.0,0.84,0.0,0.03,0.0,0.0,0.0,0.0,0.0,0.01,0.01
4644,0.0,0.0,0.0,0.91,0.0,0.0,0.0,0.0,0.0,0.0,0.01,0.0,0.08
4648,0.0,0.0,0.0,0.91,0.0,0.0,0.0,0.03,0.0,0.0,0.06,0.0,0.0
4651,0.0,0.0,0.0,0.93,0.0,0.0,0.0,0.0,0.0,0.0,0.0,0.0,0.07
4662,0.0,0.0,0.0,0.97,0.0,0.0,0.0,0.0,0.0,0.0,0.0,0.0,0.03
4682,0.0,0.0,0.0,0.84,0.0,0.0,0.0,0.0,0.0,0.0,0.01,0.0,0.15
4686,0.0,0.0,0.0,0.89,0.0,0.0,0.0,0.0,0.0,0.0,0.0,0.0,0.11
4689,0.0,0.0,0.0,0.87,0.0,0.0,0.0,0.0,0.0,0.0,0.0,0.0,0.13
4695,0.0,0.09,0.0,0.56,0.0,0.01,0.0,0.21,0.0,0.0,0.08,0.0,0.05
4696,0.0,0.03,0.0,0.63,0.01,0.0,0.0,0.0,0.0,0.0,0.0,0.0,0.33
4697,0.0,0.0,0.0,0.6,0.0,0.0,0.0,0.0,0.0,0.0,0.0,0.0,0.4
4704,0.0,0.0,0.0,0.92,0.0,0.0,0.0,0.0,0.0,0.0,0.0,0.0,0.08
4705,0.0,0.0,0.0,0.92,0.0,0.0,0.0,0.0,0.0,0.0,0.0,0.0,0.08
4706,0.0,0.0,0.0,0.96,0.0,0.0,0.0,0.0,0.0,0.0,0.0,0.0,0.04
4707,0.0,0.0,0.0,0.83,0.0,0.0,0.0,0.02,0.0,0.0,0.01,0.0,0.14
4708,0.0,0.0,0.0,0.94,0.0,0.0,0.0,0.01,0.0,0.0,0.02,0.0,0.03
4714,0.0,0.0,0.0,0.66,0.0,0.02,0.02,0.0,0.0,0.0,0.0,0.0,0.3
4715,0.0,0.0,0.0,0.98,0.0,0.0,0.0,0.0,0.0,0.0,0.0,0.0,0.02
4718,0.0,0.0,0.0,0.85,0.0,0.01,0.0,0.0,0.0,0.0,0.02,0.0,0.12
4719,0.0,0.0,0.0,0.9,0.0,0.0,0.0,0.0,0.0,0.0,0.0,0.0,0.1
4720,0.0,0.0,0.0,0.91,0.0,0.0,0.0,0.0,0.0,0.0,0.02,0.0,0.07
4724,0.0,0.01,0.0,0.94,0.0,0.0,0.0,0.0,0.0,0.0,0.0,0.0,0.05
4733,0.0,0.0,0.0,0.85,0.0,0.0,0.0,0.0,0.0,0.0,0.01,0.0,0.14
4734,0.0,0.0,0.0,0.85,0.0,0.0,0.0,0.0,0.0,0.0,0.02,0.0,0.13
4735,0.0,0.0,0.0,0.96,0.0,0.0,0.02,0.0,0.0,0.0,0.0,0.0,0.02
4736,0.0,0.01,0.0,0.88,0.0,0.0,0.0,0.0,0.0,0.0,0.0,0.0,0.11
4741,0.01,0.01,0.0,0.94,0.0,0.0,0.0,0.0,0.0,0.0,0.0,0.0,0.04
4746,0.29,0.19,0.01,0.42,0.0,0.0,0.03,0.0,0.0,0.0,0.0,0.0,0.06
4749,0.0,0.0,0.0,1.0,0.0,0.0,0.0,0.0,0.0,0.0,0.0,0.0,0.0
4759,0.02,0.0,0.0,0.96,0.0,0.0,0.0,0.0,0.0,0.0,0.0,0.0,0.02
4760,0.01,0.0,0.0,0.97,0.0,0.0,0.0,0.01,0.0,0.0,0.0,0.0,0.01
4761,0.0,0.11,0.0,0.83,0.05,0.0,0.0,0.0,0.0,0.0,0.0,0.0,0.01
4768,0.0,0.0,0.0,0.96,0.0,0.0,0.0,0.0,0.0,0.0,0.0,0.0,0.04
4769,0.0,0.04,0.0,0.67,0.0,0.01,0.0,0.0,0.0,0.0,0.0,0.01,0.27
4770,0.0,0.01,0.0,0.93,0.02,0.0,0.0,0.0,0.0,0.0,0.0,0.0,0.04
4772,0.0,0.0,0.0,0.53,0.0,0.0,0.0,0.28,0.0,0.0,0.15,0.0,0.04
4778,0.0,0.0,0.0,0.97,0.0,0.0,0.0,0.0,0.0,0.0,0.0,0.0,0.03
4779,0.0,0.0,0.0,0.91,0.0,0.0,0.0,0.0,0.0,0.0,0.0,0.0,0.09
4781,0.0,0.0,0.0,0.97,0.0,0.0,0.0,0.0,0.0,0.0,0.0,0.0,0.03
4792,0.0,0.0,0.0,0.99,0.0,0.0,0.01,0.0,0.0,0.0,0.0,0.0,0.0
4795,0.0,0.0,0.0,0.93,0.0,0.0,0.0,0.0,0.0,0.0,0.0,0.0,0.07
4799,0.0,0.0,0.0,0.97,0.0,0.0,0.0,0.0,0.0,0.0,0.0,0.0,0.03
4811,0.0,0.0,0.0,0.89,0.01,0.0,0.0,0.0,0.0,0.0,0.0,0.0,0.1
4817,0.09,0.04,0.0,0.86,0.0,0.0,0.0,0.0,0.0,0.0,0.0,0.0,0.01
4821,0.03,0.03,0.0,0.89,0.0,0.01,0.0,0.0,0.0,0.0,0.0,0.0,0.04
4822,0.0,0.0,0.0,0.99,0.0,0.0,0.0,0.0,0.0,0.0,0.0,0.0,0.01
4824,0.04,0.07,0.0,0.6,0.0,0.0,0.0,0.04,0.0,0.0,0.01,0.0,0.24
4836,0.03,0.0,0.0,0.78,0.0,0.02,0.01,0.02,0.0,0.0,0.01,0.0,0.13
4837,0.02,0.0,0.0,0.69,0.0,0.0,0.0,0.0,0.0,0.0,0.0,0.0,0.29
4840,0.0,0.0,0.0,0.95,0.0,0.01,0.0,0.03,0.0,0.0,0.0,0.0,0.01
4841,0.02,0.0,0.0,0.89,0.0,0.0,0.01,0.05,0.0,0.0,0.01,0.0,0.02
4845,0.0,0.0,0.0,0.9,0.0,0.0,0.0,0.0,0.0,0.0,0.0,0.0,0.1
4855,0.0,0.0,0.0,0.97,0.0,0.0,0.0,0.0,0.0,0.0,0.0,0.0,0.03
4862,0.02,0.03,0.0,0.77,0.0,0.01,0.0,0.0,0.0,0.0,0.0,0.0,0.17
4868,0.09,0.03,0.0,0.55,0.0,0.01,0.0,0.22,0.0,0.0,0.0,0.0,0.1
4870,0.0,0.01,0.0,0.92,0.0,0.0,0.01,0.0,0.0,0.0,0.0,0.0,0.06
4871,0.01,0.03,0.0,0.86,0.0,0.0,0.01,0.0,0.0,0.0,0.0,0.0,0.09
4872,0.11,0.11,0.02,0.51,0.0,0.01,0.03,0.0,0.0,0.0,0.0,0.0,0.21
4874,0.0,0.0,0.0,0.9,0.0,0.0,0.0,0.0,0.0,0.0,0.0,0.0,0.1
4878,0.01,0.03,0.0,0.75,0.0,0.01,0.0,0.0,0.0,0.0,0.0,0.0,0.2
4890,0.0,0.0,0.0,0.93,0.0,0.0,0.0,0.0,0.0,0.0,0.0,0.0,0.07
4895,0.01,0.01,0.0,0.75,0.0,0.0,0.0,0.18,0.0,0.0,0.03,0.0,0.02
4897,0.0,0.0,0.0,0.92,0.0,0.0,0.0,0.0,0.0,0.0,0.0,0.0,0.08
4899,0.0,0.0,0.0,0.9,0.0,0.0,0.0,0.0,0.0,0.0,0.01,0.0,0.09
4900,0.0,0.0,0.0,0.9,0.0,0.0,0.0,0.0,0.0,0.0,0.0,0.0,0.1
4905,0.0,0.24,0.0,0.67,0.01,0.0,0.01,0.0,0.02,0.0,0.0,0.0,0.05
4907,0.0,0.0,0.0,1.0,0.0,0.0,0.0,0.0,0.0,0.0,0.0,0.0,0.0
4909,0.0,0.0,0.0,0.93,0.0,0.0,0.0,0.0,0.0,0.0,0.0,0.0,0.07
4915,0.0,0.0,0.0,0.89,0.0,0.0,0.0,0.0,0.0,0.0,0.0,0.0,0.11
4917,0.0,0.0,0.0,0.84,0.0,0.0,0.0,0.0,0.0,0.0,0.0,0.0,0.16
4920,0.01,0.0,0.0,0.93,0.0,0.0,0.0,0.0,0.0,0.0,0.0,0.0,0.06
4921,0.0,0.0,0.0,0.98,0.0,0.0,0.0,0.0,0.0,0.0,0.0,0.0,0.02
4927,0.0,0.0,0.0,0.71,0.0,0.0,0.0,0.06,0.0,0.0,0.21,0.0,0.02
4928,0.05,0.01,0.0,0.54,0.0,0.0,0.0,0.06,0.0,0.0,0.02,0.0,0.32
4931,0.0,0.0,0.0,0.96,0.0,0.01,0.0,0.0,0.0,0.0,0.0,0.01,0.02
4935,0.0,0.0,0.0,0.52,0.0,0.0,0.0,0.07,0.0,0.0,0.41,0.0,0.0
4936,0.03,0.06,0.0,0.49,0.0,0.0,0.0,0.07,0.0,0.0,0.07,0.0,0.28
4943,0.02,0.0,0.0,0.52,0.0,0.0,0.0,0.0,0.0,0.0,0.0,0.0,0.46
4947,0.0,0.0,0.0,0.73,0.0,0.0,0.0,0.0,0.0,0.0,0.0,0.0,0.27
4959,0.02,0.01,0.0,0.92,0.0,0.0,0.0,0.01,0.0,0.0,0.0,0.0,0.04
4961,0.0,0.0,0.0,0.97,0.0,0.0,0.0,0.02,0.0,0.0,0.0,0.0,0.01
4963,0.0,0.0,0.0,0.88,0.03,0.02,0.0,0.0,0.0,0.0,0.0,0.01,0.06
4964,0.01,0.01,0.0,0.91,0.01,0.03,0.0,0.0,0.0,0.0,0.0,0.01,0.02
4966,0.01,0.0,0.0,0.81,0.0,0.0,0.0,0.0,0.0,0.0,0.01,0.0,0.17
4973,0.0,0.0,0.0,0.99,0.0,0.0,0.0,0.0,0.0,0.0,0.0,0.0,0.01
4980,0.0,0.0,0.0,0.95,0.0,0.0,0.0,0.0,0.0,0.0,0.0,0.0,0.05
4986,0.0,0.0,0.0,0.92,0.0,0.0,0.0,0.0,0.0,0.0,0.03,0.0,0.05
4997,0.02,0.04,0.0,0.86,0.0,0.04,0.0,0.0,0.0,0.0,0.03,0.0,0.01
5001,0.12,0.06,0.0,0.78,0.0,0.0,0.0,0.0,0.04,0.0,0.0,0.0,0.0
5005,0.0,0.0,0.0,0.97,0.0,0.0,0.0,0.01,0.0,0.0,0.0,0.0,0.02
5018,0.01,0.0,0.0,0.96,0.0,0.0,0.0,0.0,0.0,0.0,0.0,0.0,0.03
5027,0.0,0.0,0.0,0.93,0.0,0.0,0.0,0.0,0.0,0.0,0.0,0.0,0.07
5051,0.0,0.0,0.0,0.86,0.0,0.0,0.0,0.08,0.0,0.0,0.0,0.0,0.06
5061,0.0,0.29,0.0,0.68,0.01,0.0,0.0,0.0,0.0,0.0,0.0,0.0,0.02
5063,0.01,0.11,0.0,0.65,0.0,0.0,0.0,0.06,0.0,0.0,0.0,0.0,0.17
5068,0.0,0.0,0.0,0.98,0.0,0.0,0.0,0.0,0.0,0.0,0.0,0.0,0.02
5073,0.0,0.01,0.0,0.81,0.0,0.0,0.0,0.0,0.0,0.0,0.0,0.0,0.18
5081,0.0,0.0,0.0,0.87,0.0,0.0,0.0,0.0,0.0,0.0,0.0,0.0,0.13
5086,0.04,0.01,0.0,0.91,0.0,0.0,0.01,0.0,0.0,0.0,0.01,0.0,0.02
5092,0.0,0.0,0.0,0.97,0.0,0.0,0.0,0.01,0.0,0.0,0.0,0.0,0.02
5096,0.04,0.01,0.01,0.8,0.0,0.01,0.0,0.0,0.0,0.0,0.0,0.0,0.13
5097,0.04,0.02,0.0,0.8,0.0,0.01,0.0,0.0,0.0,0.0,0.0,0.0,0.13
5098,0.0,0.0,0.0,0.82,0.0,0.02,0.0,0.0,0.0,0.0,0.0,0.0,0.16
5099,0.01,0.0,0.01,0.76,0.01,0.05,0.0,0.02,0.0,0.0,0.04,0.0,0.1
5103,0.0,0.01,0.0,0.94,0.0,0.0,0.0,0.0,0.0,0.0,0.0,0.0,0.05
5105,0.28,0.27,0.02,0.32,0.01,0.0,0.03,0.0,0.02,0.01,0.0,0.0,0.04
5106,0.0,0.0,0.0,0.99,0.0,0.0,0.0,0.0,0.0,0.0,0.0,0.0,0.01
5111,0.0,0.0,0.0,0.99,0.0,0.0,0.0,0.0,0.0,0.0,0.0,0.0,0.01
5115,0.0,0.23,0.0,0.45,0.0,0.01,0.0,0.13,0.0,0.0,0.03,0.0,0.15
5127,0.0,0.01,0.0,0.99,0.0,0.0,0.0,0.0,0.0,0.0,0.0,0.0,0.0
5128,0.0,0.2,0.0,0.76,0.0,0.0,0.0,0.0,0.0,0.0,0.0,0.0,0.04
5131,0.0,0.0,0.0,1.0,0.0,0.0,0.0,0.0,0.0,0.0,0.0,0.0,0.0
5143,0.0,0.0,0.0,0.99,0.0,0.0,0.0,0.0,0.0,0.0,0.0,0.0,0.01
5150,0.0,0.0,0.0,0.94,0.0,0.0,0.0,0.0,0.0,0.0,0.0,0.0,0.06
5159,0.0,0.0,0.0,0.94,0.01,0.0,0.0,0.0,0.0,0.0,0.0,0.0,0.05
5160,0.0,0.04,0.0,0.92,0.0,0.0,0.0,0.0,0.0,0.0,0.0,0.0,0.04
5165,0.02,0.0,0.0,0.69,0.0,0.0,0.0,0.0,0.0,0.0,0.0,0.0,0.29
5170,0.0,0.0,0.0,1.0,0.0,0.0,0.0,0.0,0.0,0.0,0.0,0.0,0.0
5173,0.0,0.0,0.0,0.97,0.0,0.0,0.0,0.0,0.0,0.0,0.0,0.0,0.03
5175,0.0,0.0,0.0,0.99,0.0,0.0,0.0,0.0,0.0,0.0,0.0,0.0,0.01
5176,0.01,0.02,0.01,0.87,0.0,0.0,0.0,0.0,0.0,0.0,0.0,0.0,0.09
5182,0.0,0.0,0.0,0.9,0.0,0.0,0.0,0.0,0.0,0.0,0.0,0.0,0.1
5184,0.0,0.02,0.0,0.36,0.0,0.0,0.0,0.11,0.0,0.0,0.51,0.0,0.0
5186,0.0,0.03,0.0,0.63,0.0,0.0,0.0,0.18,0.0,0.0,0.15,0.0,0.01
5196,0.0,0.0,0.0,0.91,0.0,0.0,0.0,0.0,0.0,0.0,0.0,0.0,0.09
5197,0.0,0.0,0.0,0.9,0.0,0.0,0.0,0.0,0.0,0.0,0.0,0.0,0.1
5198,0.0,0.0,0.0,0.7,0.0,0.0,0.0,0.01,0.0,0.0,0.02,0.0,0.27
5201,0.0,0.0,0.0,0.66,0.0,0.0,0.0,0.0,0.0,0.0,0.0,0.0,0.34
5214,0.0,0.0,0.0,1.0,0.0,0.0,0.0,0.0,0.0,0.0,0.0,0.0,0.0
5217,0.0,0.0,0.0,0.95,0.0,0.0,0.0,0.0,0.0,0.0,0.0,0.0,0.05
5218,0.0,0.0,0.0,0.78,0.0,0.0,0.0,0.0,0.0,0.0,0.06,0.0,0.16
5219,0.0,0.0,0.0,0.86,0.0,0.0,0.0,0.0,0.0,0.0,0.0,0.0,0.14
5233,0.0,0.0,0.0,0.95,0.0,0.0,0.0,0.0,0.0,0.0,0.0,0.0,0.05
5236,0.0,0.0,0.0,1.0,0.0,0.0,0.0,0.0,0.0,0.0,0.0,0.0,0.0
5240,0.01,0.01,0.0,0.95,0.0,0.0,0.0,0.0,0.0,0.0,0.01,0.0,0.02
5250,0.01,0.04,0.0,0.78,0.0,0.0,0.0,0.13,0.0,0.0,0.04,0.0,0.0
5253,0.0,0.0,0.0,0.91,0.0,0.01,0.0,0.0,0.0,0.0,0.01,0.0,0.07
5254,0.02,0.0,0.0,0.76,0.0,0.02,0.0,0.0,0.0,0.0,0.0,0.0,0.2
5257,0.08,0.02,0.0,0.22,0.0,0.0,0.0,0.49,0.01,0.0,0.0,0.0,0.18
5264,0.01,0.01,0.0,0.68,0.0,0.0,0.0,0.12,0.0,0.0,0.02,0.0,0.16
5274,0.8,0.12,0.0,0.03,0.0,0.0,0.04,0.0,0.01,0.0,0.0,0.0,0.0
5288,0.62,0.16,0.0,0.03,0.0,0.0,0.11,0.0,0.06,0.02,0.0,0.0,0.0
5289,0.41,0.27,0.03,0.03,0.0,0.01,0.08,0.0,0.17,0.0,0.0,0.0,0.0
5290,0.62,0.18,0.0,0.03,0.0,0.01,0.1,0.0,0.05,0.01,0.0,0.0,0.0
5296,0.19,0.62,0.0,0.02,0.0,0.0,0.03,0.0,0.14,0.0,0.0,0.0,0.0
5297,0.53,0.19,0.0,0.03,0.0,0.0,0.1,0.02,0.12,0.0,0.0,0.0,0.01
5301,0.44,0.34,0.0,0.03,0.0,0.0,0.09,0.0,0.02,0.08,0.0,0.0,0.0
5304,0.51,0.28,0.03,0.0,0.0,0.0,0.03,0.0,0.15,0.0,0.0,0.0,0.0
5321,0.53,0.29,0.0,0.14,0.0,0.0,0.02,0.0,0.0,0.01,0.01,0.0,0.0
5329,0.15,0.18,0.0,0.03,0.0,0.01,0.01,0.0,0.4,0.22,0.0,0.0,0.0
5341,0.36,0.42,0.01,0.06,0.01,0.0,0.02,0.0,0.12,0.0,0.0,0.0,0.0
5342,0.38,0.21,0.0,0.01,0.0,0.0,0.2,0.0,0.13,0.07,0.0,0.0,0.0
5343,0.5,0.19,0.0,0.0,0.0,0.0,0.2,0.0,0.07,0.04,0.0,0.0,0.0
5360,0.3,0.58,0.01,0.0,0.0,0.01,0.04,0.0,0.06,0.0,0.0,0.0,0.0
5363,0.32,0.52,0.0,0.0,0.0,0.0,0.09,0.0,0.05,0.0,0.0,0.0,0.02
5368,0.34,0.38,0.0,0.02,0.0,0.0,0.11,0.0,0.14,0.0,0.0,0.0,0.01
5370,0.34,0.49,0.0,0.01,0.0,0.0,0.05,0.0,0.1,0.0,0.0,0.0,0.01
5372,0.2,0.59,0.0,0.04,0.0,0.0,0.13,0.0,0.04,0.0,0.0,0.0,0.0
5389,0.38,0.6,0.0,0.02,0.0,0.0,0.0,0.0,0.0,0.0,0.0,0.0,0.0
5390,0.66,0.29,0.0,0.05,0.0,0.0,0.0,0.0,0.0,0.0,0.0,0.0,0.0
5395,0.38,0.2,0.05,0.3,0.0,0.04,0.01,0.0,0.0,0.0,0.0,0.01,0.01
5401,0.33,0.36,0.0,0.15,0.0,0.05,0.03,0.04,0.0,0.0,0.0,0.0,0.04
5407,0.33,0.13,0.0,0.3,0.01,0.05,0.03,0.0,0.0,0.0,0.0,0.0,0.15
5408,0.62,0.16,0.0,0.02,0.0,0.0,0.14,0.0,0.06,0.0,0.0,0.0,0.0
5411,0.18,0.74,0.0,0.01,0.0,0.0,0.01,0.0,0.06,0.0,0.0,0.0,0.0
5412,0.41,0.47,0.0,0.0,0.0,0.0,0.0,0.0,0.12,0.0,0.0,0.0,0.0
5416,0.52,0.42,0.0,0.04,0.0,0.0,0.01,0.0,0.01,0.0,0.0,0.0,0.0
5418,0.15,0.31,0.0,0.33,0.0,0.01,0.16,0.0,0.03,0.0,0.0,0.0,0.01
5429,0.39,0.54,0.01,0.0,0.0,0.0,0.01,0.0,0.05,0.0,0.0,0.0,0.0
5432,0.42,0.25,0.0,0.24,0.0,0.0,0.02,0.0,0.07,0.0,0.0,0.0,0.0
5441,0.37,0.47,0.0,0.05,0.0,0.0,0.04,0.01,0.06,0.0,0.0,0.0,0.0
5452,0.11,0.89,0.0,0.0,0.0,0.0,0.0,0.0,0.0,0.0,0.0,0.0,0.0
5459,0.3,0.4,0.0,0.12,0.0,0.01,0.03,0.0,0.12,0.0,0.0,0.0,0.02
5461,0.51,0.3,0.0,0.0,0.0,0.0,0.07,0.0,0.12,0.0,0.0,0.0,0.0
5463,0.56,0.33,0.0,0.05,0.0,0.0,0.06,0.0,0.0,0.0,0.0,0.0,0.0
5472,0.56,0.26,0.01,0.03,0.0,0.03,0.04,0.0,0.05,0.02,0.0,0.0,0.0
5473,0.66,0.28,0.0,0.04,0.0,0.0,0.01,0.0,0.01,0.0,0.0,0.0,0.0
5479,0.73,0.2,0.0,0.03,0.0,0.0,0.0,0.0,0.03,0.0,0.0,0.0,0.01
5482,0.29,0.49,0.0,0.0,0.0,0.0,0.0,0.0,0.21,0.01,0.0,0.0,0.0
5488,0.16,0.71,0.0,0.1,0.0,0.0,0.0,0.0,0.01,0.0,0.0,0.0,0.02
5495,0.29,0.32,0.02,0.0,0.0,0.0,0.03,0.0,0.33,0.01,0.0,0.0,0.0
5496,0.46,0.43,0.0,0.01,0.0,0.0,0.04,0.0,0.06,0.0,0.0,0.0,0.0
5497,0.21,0.13,0.0,0.57,0.0,0.0,0.0,0.0,0.07,0.0,0.0,0.0,0.02
5505,0.42,0.3,0.0,0.02,0.0,0.0,0.19,0.01,0.06,0.0,0.0,0.0,0.0
5508,0.49,0.3,0.01,0.0,0.01,0.0,0.06,0.0,0.13,0.0,0.0,0.0,0.0
5509,0.64,0.16,0.03,0.06,0.01,0.01,0.05,0.0,0.03,0.0,0.01,0.0,0.0
5529,0.46,0.48,0.0,0.03,0.0,0.0,0.01,0.0,0.02,0.0,0.0,0.0,0.0
5532,0.3,0.52,0.0,0.1,0.0,0.0,0.06,0.0,0.01,0.0,0.0,0.0,0.01
5538,0.21,0.73,0.0,0.0,0.0,0.0,0.01,0.0,0.05,0.0,0.0,0.0,0.0
5546,0.4,0.51,0.0,0.02,0.01,0.0,0.0,0.0,0.06,0.0,0.0,0.0,0.0
5557,0.38,0.53,0.01,0.08,0.0,0.0,0.0,0.0,0.0,0.0,0.0,0.0,0.0
5564,0.38,0.56,0.0,0.01,0.0,0.0,0.01,0.0,0.04,0.0,0.0,0.0,0.0
5583,0.42,0.51,0.0,0.05,0.0,0.0,0.0,0.0,0.01,0.0,0.0,0.0,0.01
5585,0.41,0.49,0.01,0.01,0.0,0.0,0.02,0.0,0.06,0.0,0.0,0.0,0.0
5590,0.44,0.4,0.0,0.02,0.0,0.0,0.08,0.0,0.05,0.01,0.0,0.0,0.0
5595,0.26,0.41,0.0,0.28,0.0,0.01,0.01,0.0,0.02,0.0,0.0,0.0,0.01
5600,0.35,0.46,0.0,0.07,0.0,0.0,0.01,0.0,0.11,0.0,0.0,0.0,0.0
5601,0.44,0.45,0.01,0.03,0.0,0.0,0.04,0.0,0.03,0.0,0.0,0.0,0.0
5605,0.2,0.62,0.12,0.0,0.0,0.05,0.0,0.0,0.01,0.0,0.0,0.0,0.0
5610,0.3,0.41,0.01,0.15,0.01,0.01,0.09,0.01,0.01,0.0,0.0,0.0,0.0
5613,0.35,0.25,0.0,0.01,0.0,0.01,0.03,0.0,0.34,0.01,0.0,0.0,0.0
5616,0.42,0.48,0.0,0.0,0.0,0.0,0.07,0.0,0.03,0.0,0.0,0.0,0.0
5619,0.37,0.46,0.0,0.0,0.0,0.0,0.12,0.0,0.05,0.0,0.0,0.0,0.0
5622,0.33,0.44,0.0,0.07,0.0,0.01,0.14,0.0,0.01,0.0,0.0,0.0,0.0
5623,0.43,0.22,0.0,0.04,0.0,0.0,0.29,0.0,0.02,0.0,0.0,0.0,0.0
5625,0.35,0.27,0.0,0.08,0.0,0.01,0.15,0.0,0.14,0.0,0.0,0.0,0.0
5632,0.23,0.4,0.0,0.05,0.0,0.0,0.3,0.0,0.02,0.0,0.0,0.0,0.0
5636,0.18,0.73,0.01,0.02,0.0,0.0,0.04,0.0,0.02,0.0,0.0,0.0,0.0
5638,0.75,0.22,0.01,0.02,0.0,0.0,0.0,0.0,0.0,0.0,0.0,0.0,0.0
5648,0.46,0.38,0.08,0.02,0.01,0.0,0.02,0.0,0.02,0.01,0.0,0.0,0.0
5649,0.4,0.42,0.0,0.03,0.0,0.03,0.08,0.0,0.03,0.0,0.01,0.0,0.0
5652,0.15,0.75,0.0,0.06,0.02,0.0,0.0,0.0,0.02,0.0,0.0,0.0,0.0
5654,0.62,0.21,0.02,0.0,0.0,0.0,0.0,0.0,0.15,0.0,0.0,0.0,0.0
5666,0.5,0.18,0.16,0.15,0.0,0.0,0.01,0.0,0.0,0.0,0.0,0.0,0.0
5676,0.57,0.39,0.0,0.01,0.0,0.0,0.03,0.0,0.0,0.0,0.0,0.0,0.0
5681,0.11,0.75,0.02,0.01,0.0,0.01,0.0,0.01,0.07,0.0,0.0,0.02,0.0
5684,0.56,0.39,0.0,0.04,0.0,0.0,0.01,0.0,0.0,0.0,0.0,0.0,0.0
5686,0.46,0.28,0.01,0.04,0.0,0.0,0.05,0.0,0.15,0.0,0.0,0.01,0.0
5690,0.4,0.36,0.0,0.01,0.0,0.0,0.08,0.0,0.15,0.0,0.0,0.0,0.0
5694,0.2,0.21,0.0,0.0,0.0,0.0,0.01,0.0,0.57,0.01,0.0,0.0,0.0
5703,0.54,0.32,0.0,0.01,0.0,0.0,0.0,0.0,0.13,0.0,0.0,0.0,0.0
5705,0.53,0.33,0.0,0.0,0.0,0.0,0.1,0.0,0.01,0.03,0.0,0.0,0.0
5707,0.44,0.41,0.0,0.0,0.0,0.0,0.11,0.0,0.04,0.0,0.0,0.0,0.0
5718,0.47,0.42,0.0,0.0,0.0,0.0,0.04,0.0,0.07,0.0,0.0,0.0,0.0
5724,0.52,0.32,0.0,0.14,0.0,0.0,0.01,0.0,0.01,0.0,0.0,0.0,0.0
5737,0.34,0.33,0.0,0.03,0.0,0.0,0.09,0.0,0.21,0.0,0.0,0.0,0.0
5743,0.32,0.45,0.0,0.04,0.0,0.0,0.11,0.0,0.08,0.0,0.0,0.0,0.0
5745,0.24,0.6,0.0,0.0,0.0,0.0,0.05,0.0,0.09,0.01,0.0,0.0,0.01
5750,0.16,0.79,0.0,0.03,0.0,0.0,0.0,0.0,0.02,0.0,0.0,0.0,0.0
5759,0.49,0.15,0.0,0.02,0.0,0.02,0.22,0.0,0.1,0.0,0.0,0.0,0.0
5764,0.37,0.35,0.0,0.0,0.0,0.02,0.24,0.0,0.02,0.0,0.0,0.0,0.0
5785,0.22,0.76,0.0,0.0,0.0,0.0,0.01,0.0,0.01,0.0,0.0,0.0,0.0
5793,0.24,0.3,0.0,0.01,0.0,0.0,0.01,0.0,0.44,0.0,0.0,0.0,0.0
5801,0.43,0.37,0.0,0.03,0.0,0.0,0.04,0.0,0.13,0.0,0.0,0.0,0.0
5805,0.27,0.24,0.01,0.36,0.0,0.0,0.04,0.0,0.02,0.0,0.0,0.0,0.06
5813,0.25,0.72,0.01,0.0,0.0,0.0,0.01,0.0,0.01,0.0,0.0,0.0,0.0
5821,0.41,0.49,0.0,0.0,0.0,0.0,0.09,0.0,0.01,0.0,0.0,0.0,0.0
5828,0.43,0.44,0.0,0.11,0.0,0.0,0.0,0.0,0.01,0.0,0.0,0.0,0.01
5830,0.45,0.17,0.0,0.01,0.0,0.0,0.25,0.0,0.12,0.0,0.0,0.0,0.0
5832,0.41,0.17,0.0,0.0,0.0,0.0,0.24,0.0,0.11,0.07,0.0,0.0,0.0
5833,0.22,0.63,0.0,0.0,0.0,0.0,0.08,0.0,0.07,0.0,0.0,0.0,0.0
5840,0.76,0.02,0.0,0.02,0.0,0.0,0.04,0.0,0.16,0.0,0.0,0.0,0.0
5846,0.39,0.19,0.0,0.0,0.0,0.0,0.12,0.0,0.08,0.22,0.0,0.0,0.0
5847,0.46,0.45,0.0,0.0,0.0,0.0,0.06,0.0,0.03,0.0,0.0,0.0,0.0
5860,0.18,0.07,0.0,0.45,0.0,0.01,0.04,0.01,0.0,0.0,0.0,0.0,0.24
5881,0.76,0.09,0.0,0.03,0.0,0.0,0.06,0.0,0.05,0.0,0.0,0.0,0.01
5883,0.71,0.14,0.0,0.0,0.0,0.0,0.12,0.0,0.03,0.0,0.0,0.0,0.0
5887,0.6,0.19,0.0,0.0,0.0,0.0,0.14,0.0,0.02,0.05,0.0,0.0,0.0
5898,0.53,0.22,0.01,0.01,0.0,0.0,0.05,0.0,0.17,0.0,0.01,0.0,0.0
5899,0.81,0.02,0.0,0.0,0.0,0.0,0.11,0.0,0.06,0.0,0.0,0.0,0.0
5900,0.67,0.05,0.0,0.01,0.0,0.0,0.17,0.0,0.1,0.0,0.0,0.0,0.0
5901,0.4,0.32,0.0,0.0,0.0,0.01,0.19,0.0,0.08,0.0,0.0,0.0,0.0
5908,0.19,0.42,0.0,0.0,0.0,0.0,0.01,0.0,0.38,0.0,0.0,0.0,0.0
5909,0.63,0.24,0.09,0.01,0.0,0.0,0.0,0.0,0.03,0.0,0.0,0.0,0.0
5923,0.78,0.12,0.02,0.02,0.0,0.0,0.02,0.02,0.01,0.0,0.0,0.0,0.01
5924,0.26,0.54,0.01,0.07,0.0,0.01,0.07,0.0,0.04,0.0,0.0,0.0,0.0
5929,0.82,0.16,0.0,0.02,0.0,0.0,0.0,0.0,0.0,0.0,0.0,0.0,0.0
5933,0.38,0.6,0.0,0.0,0.0,0.0,0.0,0.0,0.01,0.01,0.0,0.0,0.0
5935,0.25,0.69,0.0,0.04,0.01,0.0,0.0,0.0,0.01,0.0,0.0,0.0,0.0
5940,0.34,0.54,0.0,0.0,0.03,0.01,0.02,0.0,0.05,0.0,0.01,0.0,0.0
5943,0.45,0.45,0.0,0.01,0.0,0.0,0.06,0.0,0.01,0.0,0.0,0.0,0.02
5944,0.28,0.41,0.0,0.03,0.0,0.0,0.2,0.0,0.08,0.0,0.0,0.0,0.0
5948,0.6,0.3,0.01,0.03,0.0,0.0,0.04,0.0,0.02,0.0,0.0,0.0,0.0
5952,0.26,0.31,0.0,0.29,0.0,0.01,0.05,0.0,0.04,0.0,0.0,0.0,0.04
5972,0.56,0.32,0.0,0.04,0.0,0.0,0.01,0.0,0.05,0.02,0.0,0.0,0.0
5976,0.41,0.3,0.06,0.1,0.0,0.05,0.01,0.03,0.0,0.0,0.02,0.02,0.0
5985,0.34,0.6,0.0,0.03,0.0,0.0,0.01,0.0,0.02,0.0,0.0,0.0,0.0
5995,0.3,0.47,0.02,0.01,0.02,0.0,0.0,0.0,0.18,0.0,0.0,0.0,0.0
5999,0.37,0.5,0.0,0.0,0.0,0.0,0.05,0.0,0.08,0.0,0.0,0.0,0.0
6007,0.18,0.79,0.0,0.02,0.0,0.0,0.0,0.0,0.01,0.0,0.0,0.0,0.0
6014,0.36,0.47,0.0,0.02,0.0,0.0,0.05,0.0,0.1,0.0,0.0,0.0,0.0
6030,0.29,0.05,0.0,0.13,0.0,0.0,0.0,0.0,0.53,0.0,0.0,0.0,0.0
6032,0.41,0.22,0.0,0.07,0.0,0.0,0.01,0.0,0.28,0.0,0.01,0.0,0.0
6033,0.11,0.06,0.0,0.65,0.01,0.02,0.06,0.01,0.01,0.0,0.01,0.0,0.06
6047,0.48,0.19,0.0,0.07,0.0,0.01,0.21,0.0,0.04,0.0,0.0,0.0,0.0
6050,0.47,0.51,0.0,0.01,0.01,0.0,0.0,0.0,0.0,0.0,0.0,0.0,0.0
6052,0.56,0.3,0.0,0.02,0.0,0.0,0.05,0.0,0.07,0.0,0.0,0.0,0.0
6053,0.73,0.07,0.01,0.02,0.0,0.0,0.12,0.01,0.04,0.0,0.0,0.0,0.0
6058,0.44,0.37,0.0,0.01,0.04,0.0,0.02,0.0,0.12,0.0,0.0,0.0,0.0
6064,0.51,0.4,0.0,0.0,0.0,0.0,0.08,0.0,0.01,0.0,0.0,0.0,0.0
6069,0.15,0.81,0.0,0.03,0.01,0.0,0.0,0.0,0.0,0.0,0.0,0.0,0.0
6072,0.32,0.32,0.01,0.16,0.0,0.01,0.13,0.0,0.05,0.0,0.0,0.0,0.0
6076,0.27,0.4,0.0,0.02,0.0,0.0,0.01,0.0,0.29,0.0,0.01,0.0,0.0
6077,0.47,0.29,0.01,0.02,0.01,0.02,0.03,0.0,0.14,0.0,0.0,0.0,0.01
6078,0.33,0.33,0.0,0.08,0.02,0.0,0.04,0.0,0.18,0.0,0.0,0.02,0.0
6085,0.45,0.42,0.01,0.02,0.02,0.0,0.0,0.0,0.08,0.0,0.0,0.0,0.0
6100,0.29,0.51,0.0,0.01,0.0,0.0,0.04,0.0,0.14,0.01,0.0,0.0,0.0
6105,0.73,0.04,0.0,0.01,0.0,0.0,0.1,0.0,0.12,0.0,0.0,0.0,0.0
6114,0.57,0.33,0.0,0.07,0.0,0.0,0.02,0.0,0.01,0.0,0.0,0.0,0.0
6115,0.55,0.18,0.0,0.23,0.0,0.0,0.0,0.01,0.01,0.0,0.0,0.0,0.02
6120,0.5,0.22,0.0,0.02,0.0,0.0,0.21,0.0,0.05,0.0,0.0,0.0,0.0
6126,0.3,0.47,0.0,0.13,0.0,0.0,0.06,0.0,0.02,0.0,0.0,0.0,0.02
6136,0.48,0.38,0.0,0.0,0.0,0.0,0.09,0.0,0.05,0.0,0.0,0.0,0.0
6137,0.44,0.43,0.0,0.01,0.0,0.0,0.08,0.0,0.04,0.0,0.0,0.0,0.0
6140,0.62,0.22,0.0,0.0,0.0,0.0,0.01,0.0,0.15,0.0,0.0,0.0,0.0
6141,0.49,0.31,0.0,0.0,0.0,0.0,0.0,0.0,0.2,0.0,0.0,0.0,0.0
6148,0.25,0.54,0.0,0.06,0.0,0.0,0.11,0.0,0.04,0.0,0.0,0.0,0.0
6154,0.24,0.51,0.01,0.18,0.0,0.0,0.06,0.0,0.0,0.0,0.0,0.0,0.0
6162,0.5,0.31,0.0,0.01,0.0,0.0,0.12,0.0,0.04,0.02,0.0,0.0,0.0
6163,0.29,0.7,0.0,0.01,0.0,0.0,0.0,0.0,0.0,0.0,0.0,0.0,0.0
6169,0.28,0.51,0.0,0.05,0.0,0.0,0.05,0.0,0.11,0.0,0.0,0.0,0.0
6182,0.31,0.31,0.04,0.17,0.0,0.14,0.02,0.0,0.0,0.0,0.0,0.0,0.01
6187,0.45,0.45,0.0,0.08,0.0,0.0,0.02,0.0,0.0,0.0,0.0,0.0,0.0
6189,0.51,0.41,0.01,0.07,0.0,0.0,0.0,0.0,0.0,0.0,0.0,0.0,0.0
6192,0.17,0.75,0.0,0.0,0.0,0.0,0.04,0.0,0.04,0.0,0.0,0.0,0.0
6195,0.55,0.26,0.0,0.03,0.0,0.0,0.09,0.0,0.05,0.02,0.0,0.0,0.0
6200,0.57,0.39,0.0,0.0,0.0,0.0,0.03,0.0,0.0,0.0,0.0,0.0,0.01
6209,0.25,0.59,0.0,0.02,0.0,0.0,0.02,0.0,0.12,0.0,0.0,0.0,0.0
6210,0.18,0.54,0.0,0.0,0.0,0.0,0.24,0.0,0.04,0.0,0.0,0.0,0.0
6217,0.28,0.64,0.02,0.03,0.0,0.0,0.01,0.0,0.02,0.0,0.0,0.0,0.0
6219,0.38,0.33,0.0,0.01,0.0,0.0,0.09,0.0,0.19,0.0,0.0,0.0,0.0
6224,0.3,0.54,0.0,0.02,0.0,0.0,0.05,0.0,0.09,0.0,0.0,0.0,0.0
6226,0.46,0.06,0.0,0.33,0.0,0.05,0.09,0.0,0.0,0.0,0.0,0.0,0.01
6241,0.39,0.3,0.0,0.06,0.0,0.0,0.12,0.0,0.13,0.0,0.0,0.0,0.0
6247,0.45,0.32,0.0,0.02,0.0,0.0,0.19,0.0,0.01,0.01,0.0,0.0,0.0
6250,0.15,0.81,0.0,0.04,0.0,0.0,0.0,0.0,0.0,0.0,0.0,0.0,0.0
6259,0.49,0.28,0.01,0.05,0.0,0.01,0.03,0.0,0.09,0.01,0.0,0.0,0.03
6264,0.21,0.7,0.01,0.0,0.0,0.0,0.04,0.0,0.04,0.0,0.0,0.0,0.0
6266,0.39,0.17,0.0,0.0,0.0,0.0,0.29,0.0,0.11,0.04,0.0,0.0,0.0
6267,0.36,0.39,0.0,0.0,0.0,0.0,0.08,0.0,0.17,0.0,0.0,0.0,0.0
6269,0.23,0.14,0.06,0.45,0.0,0.06,0.01,0.01,0.0,0.0,0.0,0.0,0.04
6270,0.2,0.76,0.0,0.02,0.01,0.0,0.0,0.0,0.01,0.0,0.0,0.0,0.0
6285,0.39,0.5,0.07,0.0,0.0,0.01,0.0,0.0,0.03,0.0,0.0,0.0,0.0
6295,0.47,0.49,0.0,0.01,0.0,0.0,0.0,0.0,0.03,0.0,0.0,0.0,0.0
6303,0.37,0.3,0.0,0.01,0.0,0.0,0.26,0.0,0.06,0.0,0.0,0.0,0.0
6305,0.03,0.03,0.0,0.02,0.0,0.0,0.0,0.88,0.0,0.0,0.02,0.0,0.02
6306,0.02,0.03,0.0,0.03,0.0,0.0,0.0,0.9,0.0,0.0,0.01,0.0,0.01
6307,0.07,0.01,0.0,0.01,0.0,0.0,0.0,0.87,0.0,0.0,0.04,0.0,0.0
6309,0.06,0.22,0.0,0.1,0.0,0.0,0.0,0.52,0.0,0.0,0.05,0.0,0.05
6310,0.09,0.06,0.0,0.16,0.0,0.0,0.0,0.68,0.0,0.0,0.01,0.0,0.0
6311,0.08,0.17,0.0,0.03,0.0,0.0,0.0,0.66,0.0,0.0,0.01,0.0,0.05
6314,0.08,0.18,0.0,0.08,0.0,0.0,0.0,0.55,0.0,0.0,0.09,0.0,0.02
6315,0.12,0.05,0.0,0.51,0.0,0.0,0.0,0.26,0.0,0.0,0.03,0.0,0.03
6316,0.05,0.0,0.0,0.0,0.0,0.0,0.0,0.93,0.0,0.0,0.0,0.0,0.02
6318,0.08,0.17,0.0,0.07,0.0,0.0,0.0,0.66,0.0,0.0,0.0,0.0,0.02
6321,0.03,0.0,0.0,0.06,0.0,0.0,0.0,0.86,0.0,0.0,0.01,0.0,0.04
6327,0.94,0.0,0.0,0.03,0.0,0.01,0.0,0.01,0.0,0.0,0.01,0.0,0.0
6343,0.58,0.16,0.08,0.04,0.0,0.11,0.01,0.01,0.0,0.0,0.0,0.0,0.01
6346,0.08,0.04,0.0,0.0,0.0,0.0,0.0,0.85,0.0,0.0,0.01,0.0,0.02
6349,0.01,0.67,0.0,0.26,0.0,0.0,0.0,0.06,0.0,0.0,0.0,0.0,0.0
6352,0.08,0.13,0.0,0.11,0.0,0.0,0.0,0.56,0.0,0.0,0.12,0.0,0.0
6356,0.0,0.06,0.0,0.13,0.0,0.0,0.0,0.8,0.0,0.0,0.0,0.0,0.01
6358,0.06,0.04,0.0,0.41,0.0,0.0,0.0,0.29,0.0,0.0,0.0,0.0,0.2
6359,0.23,0.26,0.0,0.12,0.0,0.02,0.0,0.01,0.0,0.03,0.2,0.0,0.13
6366,0.18,0.3,0.0,0.19,0.0,0.03,0.0,0.05,0.0,0.05,0.11,0.0,0.09
6371,0.07,0.1,0.0,0.11,0.0,0.04,0.0,0.6,0.0,0.01,0.01,0.0,0.06
6373,0.06,0.23,0.0,0.07,0.0,0.0,0.0,0.56,0.0,0.0,0.0,0.0,0.08
6378,0.01,0.35,0.0,0.42,0.0,0.0,0.0,0.09,0.0,0.0,0.12,0.0,0.01
6379,0.05,0.08,0.0,0.06,0.0,0.0,0.0,0.73,0.0,0.0,0.02,0.0,0.06
6384,0.79,0.01,0.0,0.12,0.0,0.01,0.0,0.03,0.0,0.0,0.01,0.0,0.03
6388,0.01,0.0,0.0,0.14,0.0,0.0,0.0,0.81,0.0,0.0,0.04,0.0,0.0
6391,0.07,0.12,0.0,0.11,0.0,0.0,0.0,0.63,0.0,0.0,0.05,0.0,0.02
6399,0.09,0.07,0.0,0.51,0.0,0.01,0.0,0.15,0.0,0.0,0.05,0.0,0.12
6404,0.07,0.0,0.0,0.01,0.0,0.0,0.0,0.91,0.0,0.0,0.0,0.0,0.01
6411,0.04,0.45,0.0,0.33,0.0,0.0,0.0,0.12,0.0,0.0,0.04,0.0,0.02
6414,0.13,0.04,0.0,0.24,0.0,0.0,0.0,0.46,0.0,0.0,0.11,0.0,0.02
6421,0.01,0.14,0.0,0.63,0.0,0.0,0.0,0.16,0.0,0.0,0.0,0.0,0.06
6424,0.88,0.05,0.0,0.03,0.0,0.01,0.0,0.03,0.0,0.0,0.0,0.0,0.0
6427,0.0,0.47,0.0,0.3,0.0,0.0,0.0,0.09,0.0,0.0,0.0,0.0,0.14
6430,0.1,0.4,0.0,0.36,0.0,0.0,0.0,0.01,0.0,0.0,0.0,0.0,0.13
6431,0.05,0.31,0.0,0.61,0.0,0.0,0.0,0.02,0.0,0.0,0.0,0.0,0.01
6432,0.1,0.21,0.0,0.48,0.0,0.0,0.0,0.13,0.0,0.0,0.04,0.0,0.04
6433,0.02,0.31,0.0,0.03,0.0,0.0,0.0,0.63,0.0,0.0,0.01,0.0,0.0
6434,0.04,0.0,0.0,0.01,0.0,0.0,0.0,0.94,0.0,0.0,0.0,0.0,0.01
6435,0.03,0.16,0.0,0.14,0.0,0.0,0.0,0.65,0.0,0.0,0.0,0.0,0.02
6438,0.01,0.0,0.0,0.02,0.0,0.0,0.0,0.93,0.0,0.0,0.0,0.0,0.04
6439,0.07,0.01,0.0,0.03,0.0,0.0,0.0,0.86,0.0,0.0,0.0,0.0,0.03
6442,0.0,0.01,0.0,0.02,0.0,0.0,0.0,0.95,0.0,0.0,0.02,0.0,0.0
6449,0.15,0.29,0.0,0.24,0.0,0.0,0.0,0.15,0.0,0.0,0.16,0.0,0.01
6452,0.0,0.2,0.0,0.3,0.0,0.0,0.0,0.15,0.0,0.0,0.0,0.0,0.35
6453,0.01,0.16,0.0,0.75,0.0,0.0,0.0,0.07,0.0,0.0,0.0,0.0,0.01
6454,0.12,0.44,0.0,0.22,0.0,0.0,0.0,0.06,0.0,0.0,0.01,0.0,0.15
6457,0.03,0.46,0.0,0.35,0.0,0.0,0.0,0.08,0.0,0.0,0.06,0.0,0.02
6470,0.06,0.33,0.0,0.14,0.0,0.0,0.01,0.43,0.0,0.0,0.0,0.0,0.03
6471,0.23,0.1,0.0,0.14,0.0,0.04,0.0,0.23,0.01,0.0,0.19,0.0,0.06
6477,0.34,0.18,0.0,0.08,0.17,0.12,0.0,0.09,0.0,0.0,0.01,0.0,0.01
6479,0.03,0.0,0.0,0.07,0.0,0.0,0.0,0.88,0.0,0.0,0.0,0.0,0.02
6483,0.0,0.05,0.0,0.25,0.0,0.0,0.0,0.7,0.0,0.0,0.0,0.0,0.0
6484,0.0,0.0,0.0,0.01,0.0,0.0,0.0,0.9,0.0,0.0,0.0,0.0,0.09
6485,0.12,0.06,0.0,0.19,0.0,0.0,0.0,0.56,0.0,0.0,0.04,0.0,0.03
6490,0.47,0.2,0.0,0.21,0.0,0.02,0.0,0.0,0.0,0.04,0.04,0.0,0.02
6491,0.09,0.45,0.0,0.23,0.0,0.0,0.0,0.2,0.0,0.0,0.03,0.0,0.0
6498,0.05,0.26,0.0,0.67,0.0,0.0,0.0,0.02,0.0,0.0,0.0,0.0,0.0
6499,0.06,0.05,0.0,0.14,0.0,0.0,0.0,0.65,0.0,0.0,0.09,0.0,0.01
6500,0.01,0.01,0.0,0.07,0.0,0.0,0.0,0.9,0.0,0.0,0.01,0.0,0.0
6501,0.82,0.03,0.0,0.08,0.0,0.03,0.0,0.01,0.0,0.0,0.02,0.0,0.01
6503,0.11,0.17,0.0,0.26,0.0,0.17,0.0,0.22,0.0,0.01,0.02,0.0,0.04
6507,0.07,0.01,0.0,0.35,0.0,0.0,0.0,0.56,0.0,0.0,0.0,0.0,0.01
6508,0.23,0.08,0.0,0.22,0.0,0.0,0.0,0.32,0.0,0.0,0.09,0.0,0.06
6509,0.17,0.11,0.0,0.29,0.0,0.01,0.0,0.31,0.0,0.0,0.07,0.0,0.04
6514,0.09,0.0,0.0,0.0,0.0,0.0,0.0,0.83,0.0,0.0,0.0,0.0,0.08
6520,0.0,0.07,0.0,0.34,0.0,0.0,0.0,0.44,0.0,0.0,0.0,0.0,0.15
6522,0.07,0.15,0.0,0.3,0.0,0.08,0.0,0.34,0.0,0.01,0.01,0.0,0.04
6525,0.0,0.0,0.0,0.1,0.0,0.0,0.0,0.81,0.0,0.0,0.09,0.0,0.0
6527,0.02,0.0,0.0,0.31,0.0,0.0,0.0,0.66,0.0,0.0,0.01,0.0,0.0
6533,0.1,0.02,0.0,0.24,0.0,0.01,0.0,0.56,0.0,0.0,0.0,0.0,0.07
6534,0.01,0.03,0.0,0.37,0.0,0.0,0.0,0.54,0.0,0.0,0.0,0.0,0.05
6539,0.18,0.31,0.0,0.16,0.04,0.07,0.0,0.04,0.0,0.02,0.14,0.0,0.04
6540,0.25,0.24,0.0,0.06,0.03,0.13,0.0,0.1,0.0,0.0,0.13,0.0,0.06
6542,0.03,0.0,0.0,0.03,0.0,0.0,0.0,0.94,0.0,0.0,0.0,0.0,0.0
6548,0.01,0.3,0.0,0.1,0.0,0.0,0.0,0.58,0.0,0.0,0.0,0.0,0.01
6557,0.54,0.12,0.0,0.13,0.0,0.04,0.0,0.15,0.0,0.0,0.01,0.0,0.01
6563,0.14,0.3,0.0,0.09,0.0,0.0,0.0,0.4,0.0,0.0,0.01,0.0,0.06
6573,0.88,0.03,0.0,0.07,0.0,0.0,0.0,0.01,0.0,0.0,0.0,0.0,0.01
6574,0.09,0.4,0.0,0.28,0.0,0.0,0.0,0.18,0.0,0.01,0.03,0.0,0.01
6577,0.23,0.05,0.0,0.25,0.0,0.0,0.0,0.4,0.0,0.0,0.02,0.0,0.05
6581,0.03,0.3,0.0,0.3,0.0,0.0,0.0,0.08,0.0,0.0,0.0,0.0,0.29
6584,0.08,0.03,0.0,0.14,0.0,0.03,0.0,0.69,0.0,0.0,0.01,0.0,0.02
6587,0.05,0.1,0.0,0.25,0.0,0.0,0.0,0.53,0.0,0.0,0.0,0.0,0.07
6591,0.01,0.14,0.0,0.17,0.0,0.0,0.0,0.66,0.0,0.0,0.01,0.0,0.01
6596,0.12,0.02,0.0,0.09,0.0,0.0,0.0,0.74,0.0,0.0,0.0,0.0,0.03
6597,0.04,0.04,0.0,0.23,0.0,0.0,0.0,0.65,0.0,0.0,0.04,0.0,0.0
6601,0.09,0.11,0.0,0.1,0.0,0.0,0.0,0.63,0.0,0.0,0.07,0.0,0.0
6603,0.24,0.12,0.0,0.1,0.03,0.08,0.0,0.13,0.0,0.03,0.2,0.0,0.07
6605,0.0,0.12,0.0,0.04,0.0,0.0,0.0,0.81,0.0,0.0,0.01,0.0,0.02
6608,0.03,0.05,0.0,0.04,0.0,0.01,0.0,0.84,0.0,0.0,0.0,0.0,0.03
6611,0.45,0.15,0.01,0.22,0.0,0.04,0.0,0.0,0.0,0.0,0.1,0.01,0.02
6612,0.07,0.47,0.0,0.07,0.0,0.0,0.0,0.03,0.0,0.0,0.0,0.0,0.36
6620,0.03,0.13,0.0,0.14,0.0,0.0,0.0,0.69,0.0,0.0,0.01,0.0,0.0
6621,0.02,0.08,0.0,0.14,0.0,0.0,0.0,0.71,0.0,0.0,0.0,0.0,0.05
6622,0.04,0.02,0.0,0.05,0.0,0.0,0.0,0.83,0.0,0.0,0.0,0.0,0.06
6626,0.01,0.03,0.0,0.04,0.0,0.0,0.0,0.9,0.0,0.0,0.0,0.0,0.02
6634,0.0,0.53,0.0,0.28,0.0,0.0,0.0,0.08,0.0,0.0,0.0,0.0,0.11
6639,0.07,0.45,0.0,0.33,0.0,0.0,0.0,0.08,0.0,0.0,0.06,0.0,0.01
6643,0.02,0.0,0.0,0.02,0.0,0.0,0.0,0.95,0.0,0.0,0.0,0.0,0.01
6644,0.02,0.1,0.0,0.07,0.0,0.0,0.0,0.73,0.0,0.0,0.08,0.0,0.0
6646,0.02,0.0,0.0,0.02,0.0,0.0,0.0,0.94,0.0,0.0,0.0,0.0,0.02
6648,0.15,0.0,0.0,0.02,0.0,0.0,0.0,0.8,0.0,0.0,0.0,0.0,0.03
6649,0.11,0.28,0.0,0.22,0.0,0.0,0.0,0.34,0.0,0.0,0.05,0.0,0.0
6651,0.0,0.55,0.0,0.21,0.01,0.04,0.0,0.14,0.0,0.0,0.01,0.0,0.04
6652,0.01,0.32,0.0,0.04,0.0,0.0,0.0,0.62,0.0,0.0,0.0,0.0,0.01
6654,0.0,0.02,0.0,0.0,0.0,0.0,0.0,0.98,0.0,0.0,0.0,0.0,0.0
6657,0.02,0.1,0.0,0.45,0.0,0.0,0.0,0.26,0.0,0.0,0.15,0.0,0.02
6659,0.05,0.0,0.0,0.06,0.0,0.0,0.0,0.89,0.0,0.0,0.0,0.0,0.0
6660,0.0,0.02,0.0,0.06,0.0,0.0,0.0,0.88,0.0,0.0,0.0,0.0,0.04
6662,0.08,0.0,0.0,0.13,0.0,0.0,0.0,0.75,0.0,0.0,0.0,0.0,0.04
6664,0.01,0.0,0.0,0.39,0.0,0.0,0.0,0.58,0.0,0.0,0.0,0.0,0.02
6665,0.03,0.0,0.0,0.06,0.0,0.0,0.0,0.91,0.0,0.0,0.0,0.0,0.0
6669,0.1,0.05,0.0,0.36,0.0,0.0,0.0,0.42,0.0,0.0,0.0,0.0,0.07
6673,0.0,0.04,0.0,0.01,0.0,0.0,0.0,0.93,0.0,0.0,0.02,0.0,0.0
6675,0.09,0.44,0.0,0.27,0.0,0.0,0.0,0.14,0.0,0.0,0.04,0.0,0.02
6685,0.06,0.14,0.0,0.25,0.0,0.01,0.0,0.42,0.0,0.0,0.0,0.0,0.12
6686,0.1,0.49,0.0,0.16,0.0,0.02,0.0,0.07,0.0,0.0,0.02,0.0,0.14
6688,0.19,0.15,0.0,0.2,0.0,0.05,0.0,0.08,0.0,0.0,0.01,0.0,0.32
6690,0.08,0.0,0.0,0.19,0.0,0.0,0.0,0.61,0.0,0.0,0.0,0.0,0.12
6691,0.28,0.22,0.01,0.34,0.01,0.07,0.02,0.0,0.0,0.0,0.05,0.0,0.0
6693,0.0,0.25,0.0,0.09,0.0,0.0,0.0,0.62,0.0,0.0,0.0,0.0,0.04
6695,0.05,0.02,0.0,0.01,0.0,0.0,0.0,0.92,0.0,0.0,0.0,0.0,0.0
6697,0.03,0.09,0.0,0.18,0.0,0.01,0.0,0.66,0.0,0.0,0.01,0.0,0.02
6699,0.04,0.09,0.0,0.19,0.0,0.0,0.0,0.66,0.0,0.0,0.0,0.0,0.02
6701,0.1,0.41,0.0,0.09,0.0,0.0,0.0,0.12,0.0,0.0,0.02,0.0,0.26
6703,0.26,0.3,0.0,0.26,0.0,0.0,0.0,0.14,0.0,0.0,0.04,0.0,0.0
6704,0.04,0.05,0.0,0.39,0.0,0.0,0.0,0.51,0.0,0.0,0.01,0.0,0.0
6705,0.07,0.37,0.0,0.34,0.0,0.0,0.0,0.09,0.0,0.0,0.11,0.0,0.02
6706,0.01,0.09,0.0,0.22,0.0,0.0,0.0,0.59,0.0,0.0,0.09,0.0,0.0
6710,0.02,0.24,0.0,0.42,0.0,0.0,0.0,0.03,0.0,0.0,0.0,0.0,0.29
6718,0.05,0.07,0.0,0.16,0.0,0.0,0.0,0.68,0.0,0.0,0.0,0.0,0.04
6721,0.1,0.34,0.0,0.41,0.01,0.01,0.0,0.02,0.0,0.0,0.04,0.0,0.07
6732,0.13,0.15,0.0,0.57,0.0,0.0,0.0,0.12,0.0,0.0,0.0,0.0,0.03
6737,0.01,0.08,0.0,0.39,0.0,0.01,0.0,0.4,0.0,0.0,0.0,0.0,0.11
6739,0.0,0.12,0.0,0.08,0.0,0.0,0.0,0.8,0.0,0.0,0.0,0.0,0.0
6742,0.28,0.41,0.0,0.15,0.0,0.03,0.0,0.01,0.0,0.02,0.08,0.0,0.02
6744,0.0,0.0,0.0,0.02,0.0,0.0,0.0,0.98,0.0,0.0,0.0,0.0,0.0
6745,0.0,0.0,0.0,0.1,0.0,0.0,0.0,0.9,0.0,0.0,0.0,0.0,0.0
6747,0.04,0.08,0.0,0.05,0.0,0.01,0.0,0.68,0.0,0.0,0.1,0.0,0.04
6749,0.01,0.02,0.0,0.05,0.0,0.0,0.0,0.89,0.0,0.0,0.0,0.0,0.03
6751,0.03,0.52,0.0,0.27,0.0,0.0,0.0,0.15,0.0,0.0,0.03,0.0,0.0
6754,0.05,0.27,0.0,0.1,0.0,0.0,0.0,0.56,0.0,0.0,0.0,0.0,0.02
6755,0.05,0.0,0.0,0.22,0.0,0.0,0.0,0.71,0.0,0.0,0.0,0.0,0.02
6756,0.09,0.0,0.0,0.09,0.0,0.0,0.0,0.75,0.0,0.0,0.0,0.0,0.07
6760,0.0,0.18,0.0,0.22,0.0,0.0,0.0,0.58,0.0,0.0,0.02,0.0,0.0
6766,0.09,0.23,0.0,0.21,0.0,0.0,0.0,0.44,0.0,0.0,0.03,0.0,0.0
6767,0.04,0.3,0.0,0.37,0.0,0.0,0.0,0.16,0.0,0.01,0.11,0.0,0.01
6776,0.02,0.01,0.0,0.01,0.0,0.0,0.0,0.96,0.0,0.0,0.0,0.0,0.0
6783,0.26,0.18,0.0,0.25,0.0,0.03,0.01,0.1,0.03,0.01,0.05,0.0,0.08
6787,0.03,0.41,0.0,0.4,0.0,0.0,0.0,0.1,0.0,0.0,0.0,0.0,0.06
6789,0.04,0.55,0.0,0.23,0.0,0.0,0.0,0.06,0.0,0.0,0.02,0.0,0.1
6793,0.06,0.0,0.0,0.08,0.0,0.0,0.0,0.84,0.0,0.0,0.02,0.0,0.0
6800,0.04,0.0,0.0,0.0,0.0,0.0,0.0,0.93,0.0,0.0,0.01,0.0,0.02
6805,0.02,0.08,0.0,0.06,0.0,0.0,0.0,0.8,0.0,0.0,0.04,0.0,0.0
6811,0.07,0.16,0.0,0.39,0.0,0.0,0.0,0.05,0.0,0.0,0.03,0.0,0.3
6812,0.08,0.42,0.0,0.09,0.0,0.0,0.0,0.03,0.0,0.0,0.0,0.0,0.38
6816,0.2,0.34,0.0,0.15,0.0,0.0,0.0,0.2,0.0,0.0,0.1,0.0,0.01
6817,0.05,0.45,0.0,0.46,0.0,0.0,0.0,0.02,0.0,0.0,0.0,0.0,0.02
6820,0.05,0.0,0.0,0.02,0.0,0.0,0.0,0.89,0.0,0.0,0.0,0.0,0.04
6825,0.18,0.36,0.0,0.21,0.0,0.04,0.01,0.0,0.0,0.0,0.08,0.0,0.12
6836,0.05,0.0,0.0,0.0,0.0,0.0,0.0,0.89,0.0,0.0,0.0,0.0,0.06
6842,0.1,0.24,0.0,0.31,0.0,0.0,0.0,0.3,0.0,0.0,0.01,0.0,0.04
6845,0.15,0.34,0.0,0.42,0.0,0.0,0.0,0.08,0.0,0.0,0.0,0.0,0.01
6848,0.05,0.51,0.0,0.3,0.0,0.0,0.0,0.11,0.0,0.0,0.0,0.0,0.03
6850,0.13,0.09,0.0,0.38,0.0,0.0,0.0,0.23,0.0,0.0,0.0,0.0,0.17
6853,0.07,0.06,0.0,0.08,0.0,0.0,0.0,0.77,0.0,0.0,0.01,0.0,0.01
6854,0.12,0.1,0.0,0.34,0.0,0.0,0.0,0.36,0.0,0.0,0.05,0.0,0.03
6860,0.48,0.1,0.0,0.22,0.0,0.01,0.0,0.01,0.03,0.0,0.04,0.0,0.11
6863,0.1,0.02,0.0,0.32,0.0,0.0,0.0,0.4,0.0,0.0,0.12,0.0,0.04
6866,0.25,0.28,0.03,0.25,0.02,0.06,0.0,0.0,0.0,0.02,0.08,0.01,0.0
6871,0.39,0.32,0.0,0.1,0.07,0.04,0.0,0.01,0.0,0.0,0.06,0.0,0.01
6874,0.12,0.13,0.0,0.17,0.0,0.02,0.0,0.51,0.0,0.0,0.01,0.0,0.04
6876,0.07,0.4,0.0,0.11,0.0,0.0,0.0,0.33,0.0,0.0,0.0,0.0,0.09
6878,0.01,0.24,0.0,0.54,0.0,0.0,0.0,0.16,0.0,0.0,0.02,0.0,0.03
6880,0.03,0.15,0.0,0.71,0.0,0.0,0.0,0.09,0.0,0.0,0.0,0.0,0.02
6884,0.18,0.03,0.0,0.21,0.02,0.1,0.0,0.26,0.0,0.01,0.13,0.0,0.06
6891,0.08,0.04,0.0,0.13,0.0,0.0,0.0,0.56,0.0,0.0,0.0,0.0,0.19
6892,0.15,0.12,0.0,0.32,0.0,0.0,0.0,0.33,0.0,0.0,0.06,0.0,0.02
6898,0.01,0.0,0.0,0.12,0.0,0.0,0.0,0.85,0.0,0.0,0.02,0.0,0.0
6899,0.13,0.46,0.0,0.11,0.0,0.03,0.0,0.02,0.0,0.08,0.15,0.0,0.02
6903,0.2,0.39,0.0,0.19,0.0,0.0,0.0,0.11,0.0,0.0,0.0,0.0,0.11
6905,0.66,0.09,0.0,0.08,0.0,0.04,0.0,0.08,0.0,0.0,0.02,0.0,0.03
6912,0.02,0.13,0.0,0.06,0.0,0.0,0.0,0.76,0.0,0.0,0.0,0.0,0.03
6914,0.01,0.02,0.0,0.24,0.0,0.0,0.0,0.67,0.0,0.0,0.0,0.0,0.06
6915,0.01,0.1,0.0,0.05,0.0,0.01,0.0,0.82,0.0,0.0,0.0,0.0,0.01
6918,0.03,0.33,0.0,0.48,0.0,0.01,0.0,0.05,0.0,0.0,0.1,0.0,0.0
6922,0.0,0.0,0.0,0.0,0.0,0.0,0.0,0.96,0.0,0.0,0.0,0.0,0.04
6923,0.01,0.15,0.0,0.19,0.0,0.0,0.0,0.63,0.0,0.0,0.01,0.0,0.01
6924,0.01,0.02,0.0,0.06,0.0,0.0,0.0,0.88,0.0,0.0,0.03,0.0,0.0
6925,0.03,0.02,0.0,0.03,0.0,0.0,0.0,0.87,0.0,0.0,0.0,0.0,0.05
6926,0.03,0.1,0.0,0.07,0.0,0.0,0.0,0.77,0.0,0.0,0.02,0.0,0.01
6927,0.09,0.02,0.0,0.27,0.0,0.0,0.0,0.47,0.0,0.0,0.0,0.0,0.15
6929,0.04,0.05,0.0,0.3,0.0,0.01,0.0,0.39,0.0,0.0,0.0,0.0,0.21
6930,0.4,0.26,0.0,0.18,0.0,0.02,0.0,0.01,0.0,0.03,0.02,0.0,0.08
6939,0.02,0.19,0.0,0.64,0.0,0.0,0.0,0.05,0.0,0.0,0.0,0.0,0.1
6943,0.07,0.12,0.0,0.07,0.0,0.0,0.0,0.64,0.0,0.0,0.0,0.0,0.1
6949,0.06,0.03,0.0,0.17,0.0,0.0,0.0,0.63,0.0,0.01,0.1,0.0,0.0
6954,0.1,0.09,0.0,0.41,0.0,0.01,0.0,0.29,0.0,0.0,0.0,0.0,0.1
6955,0.02,0.44,0.0,0.31,0.0,0.0,0.0,0.09,0.0,0.0,0.0,0.0,0.14
6958,0.1,0.01,0.0,0.03,0.0,0.0,0.0,0.82,0.0,0.0,0.01,0.0,0.03
6962,0.02,0.03,0.0,0.1,0.0,0.0,0.0,0.82,0.0,0.0,0.0,0.0,0.03
6963,0.0,0.08,0.0,0.39,0.0,0.0,0.0,0.42,0.0,0.0,0.0,0.0,0.11
6970,0.07,0.32,0.0,0.31,0.0,0.0,0.0,0.26,0.0,0.0,0.0,0.0,0.04
6979,0.1,0.27,0.0,0.17,0.01,0.05,0.0,0.15,0.0,0.08,0.06,0.0,0.11
6983,0.0,0.06,0.0,0.36,0.0,0.01,0.0,0.57,0.0,0.0,0.0,0.0,0.0
6985,0.01,0.06,0.0,0.19,0.0,0.0,0.0,0.66,0.0,0.0,0.0,0.0,0.08
6992,0.05,0.48,0.0,0.29,0.0,0.0,0.0,0.08,0.0,0.0,0.1,0.0,0.0
6993,0.0,0.03,0.0,0.22,0.0,0.0,0.0,0.7,0.0,0.0,0.05,0.0,0.0
6996,0.1,0.53,0.0,0.19,0.0,0.01,0.0,0.01,0.0,0.01,0.13,0.0,0.02
7005,0.15,0.0,0.0,0.18,0.0,0.0,0.0,0.66,0.0,0.0,0.0,0.0,0.01
7011,0.01,0.0,0.0,0.25,0.0,0.0,0.0,0.74,0.0,0.0,0.0,0.0,0.0
7013,0.01,0.06,0.0,0.17,0.0,0.0,0.0,0.69,0.0,0.0,0.04,0.0,0.03
7016,0.04,0.03,0.0,0.01,0.0,0.0,0.0,0.89,0.0,0.0,0.02,0.0,0.01
7017,0.11,0.0,0.0,0.0,0.0,0.0,0.0,0.8,0.0,0.0,0.0,0.0,0.09
7018,0.07,0.0,0.0,0.12,0.0,0.0,0.0,0.81,0.0,0.0,0.0,0.0,0.0
7019,0.01,0.0,0.0,0.16,0.0,0.0,0.0,0.83,0.0,0.0,0.0,0.0,0.0
7020,0.02,0.0,0.0,0.21,0.0,0.0,0.0,0.76,0.0,0.0,0.0,0.0,0.01
7021,0.07,0.01,0.0,0.02,0.0,0.0,0.0,0.87,0.0,0.0,0.0,0.0,0.03
7034,0.26,0.14,0.0,0.38,0.0,0.01,0.0,0.08,0.0,0.0,0.03,0.0,0.1
7038,0.05,0.36,0.0,0.45,0.0,0.0,0.0,0.1,0.0,0.0,0.03,0.0,0.01
7039,0.0,0.18,0.0,0.63,0.0,0.0,0.0,0.14,0.0,0.0,0.05,0.0,0.0
7040,0.0,0.27,0.0,0.71,0.0,0.0,0.0,0.02,0.0,0.0,0.0,0.0,0.0
7041,0.0,0.63,0.0,0.18,0.0,0.0,0.0,0.05,0.0,0.0,0.0,0.0,0.14
7043,0.07,0.02,0.0,0.12,0.0,0.0,0.0,0.72,0.0,0.0,0.0,0.0,0.07
7046,0.06,0.12,0.0,0.53,0.0,0.0,0.0,0.24,0.0,0.0,0.0,0.0,0.05
7049,0.02,0.42,0.0,0.22,0.0,0.0,0.0,0.29,0.0,0.0,0.04,0.0,0.01
7054,0.0,0.0,0.0,0.23,0.0,0.0,0.0,0.72,0.0,0.0,0.05,0.0,0.0
7055,0.01,0.02,0.0,0.01,0.0,0.0,0.0,0.95,0.0,0.0,0.0,0.0,0.01
7057,0.3,0.13,0.01,0.07,0.0,0.0,0.0,0.44,0.0,0.0,0.05,0.0,0.0
7059,0.04,0.02,0.0,0.0,0.0,0.0,0.0,0.92,0.0,0.0,0.0,0.0,0.02
7061,0.02,0.01,0.0,0.02,0.0,0.0,0.0,0.95,0.0,0.0,0.0,0.0,0.0
7065,0.03,0.05,0.0,0.43,0.0,0.01,0.0,0.28,0.0,0.0,0.0,0.0,0.2
7066,0.11,0.05,0.0,0.34,0.0,0.0,0.0,0.22,0.0,0.0,0.0,0.0,0.28
7068,0.06,0.06,0.0,0.55,0.0,0.0,0.0,0.18,0.0,0.0,0.0,0.0,0.15
7069,0.08,0.0,0.0,0.0,0.0,0.0,0.0,0.9,0.0,0.0,0.0,0.0,0.02
7070,0.06,0.03,0.0,0.01,0.0,0.0,0.0,0.89,0.0,0.0,0.0,0.0,0.01
7072,0.07,0.11,0.0,0.27,0.0,0.0,0.0,0.45,0.0,0.0,0.09,0.0,0.01
7074,0.05,0.0,0.0,0.0,0.0,0.0,0.0,0.94,0.0,0.0,0.01,0.0,0.0
7075,0.08,0.14,0.0,0.03,0.0,0.0,0.0,0.62,0.0,0.0,0.12,0.0,0.01
7079,0.0,0.16,0.0,0.16,0.0,0.0,0.0,0.62,0.0,0.0,0.0,0.0,0.06
7083,0.04,0.01,0.0,0.1,0.0,0.0,0.0,0.71,0.0,0.0,0.02,0.0,0.12
7087,0.07,0.01,0.0,0.3,0.0,0.0,0.0,0.61,0.0,0.0,0.0,0.0,0.01
7091,0.01,0.0,0.0,0.05,0.0,0.0,0.0,0.87,0.0,0.0,0.06,0.0,0.01
7092,0.25,0.15,0.0,0.13,0.02,0.11,0.0,0.08,0.0,0.06,0.06,0.0,0.14
7100,0.0,0.45,0.0,0.4,0.0,0.0,0.0,0.02,0.0,0.0,0.0,0.0,0.13
7102,0.04,0.43,0.0,0.45,0.0,0.0,0.0,0.04,0.0,0.0,0.01,0.0,0.03
7109,0.91,0.02,0.0,0.02,0.0,0.0,0.0,0.03,0.0,0.0,0.02,0.0,0.0
7114,0.08,0.47,0.0,0.15,0.0,0.0,0.0,0.24,0.0,0.0,0.0,0.0,0.06
7118,0.08,0.04,0.0,0.25,0.0,0.0,0.0,0.57,0.0,0.0,0.0,0.0,0.06
7120,0.28,0.16,0.0,0.12,0.0,0.0,0.0,0.44,0.0,0.0,0.0,0.0,0.0
7126,0.15,0.0,0.0,0.02,0.0,0.0,0.0,0.82,0.0,0.0,0.0,0.0,0.01
7131,0.0,0.67,0.0,0.29,0.0,0.0,0.0,0.03,0.0,0.0,0.0,0.0,0.01
7132,0.0,0.2,0.0,0.67,0.0,0.0,0.0,0.05,0.0,0.0,0.08,0.0,0.0
7133,0.01,0.12,0.0,0.48,0.0,0.02,0.0,0.36,0.0,0.0,0.01,0.0,0.0
7134,0.14,0.02,0.0,0.01,0.0,0.0,0.0,0.82,0.0,0.0,0.0,0.0,0.01
7135,0.13,0.0,0.0,0.0,0.0,0.0,0.0,0.79,0.0,0.0,0.0,0.0,0.08
7138,0.0,0.0,0.0,0.02,0.0,0.0,0.0,0.98,0.0,0.0,0.0,0.0,0.0
7142,0.33,0.09,0.0,0.34,0.0,0.0,0.0,0.14,0.0,0.0,0.06,0.0,0.04
7144,0.05,0.56,0.0,0.22,0.0,0.01,0.0,0.13,0.0,0.0,0.03,0.0,0.0
7146,0.0,0.29,0.0,0.29,0.0,0.0,0.0,0.37,0.0,0.0,0.05,0.0,0.0
7147,0.12,0.0,0.0,0.04,0.0,0.0,0.0,0.81,0.0,0.0,0.0,0.0,0.03
7149,0.29,0.16,0.0,0.24,0.0,0.05,0.0,0.14,0.0,0.0,0.02,0.0,0.1
7152,0.08,0.42,0.0,0.38,0.0,0.02,0.0,0.02,0.0,0.0,0.08,0.0,0.0
7158,0.01,0.0,0.0,0.02,0.0,0.0,0.0,0.93,0.0,0.0,0.0,0.0,0.04
7159,0.05,0.4,0.0,0.41,0.0,0.0,0.0,0.12,0.0,0.0,0.01,0.0,0.01
7160,0.02,0.54,0.0,0.22,0.0,0.0,0.0,0.17,0.0,0.0,0.03,0.0,0.02
7163,0.17,0.32,0.0,0.19,0.0,0.01,0.0,0.26,0.0,0.0,0.05,0.0,0.0
7166,0.0,0.01,0.0,0.24,0.0,0.0,0.0,0.7,0.0,0.0,0.0,0.0,0.05
7168,0.0,0.38,0.0,0.62,0.0,0.0,0.0,0.0,0.0,0.0,0.0,0.0,0.0
7181,0.03,0.02,0.0,0.13,0.0,0.0,0.0,0.77,0.0,0.0,0.01,0.0,0.04
7182,0.33,0.05,0.0,0.17,0.0,0.0,0.0,0.28,0.0,0.0,0.12,0.0,0.05
7191,0.07,0.1,0.0,0.22,0.0,0.0,0.0,0.58,0.0,0.0,0.0,0.0,0.03
7193,0.06,0.01,0.0,0.14,0.0,0.0,0.0,0.77,0.0,0.0,0.0,0.0,0.02
7197,0.17,0.5,0.0,0.19,0.0,0.0,0.0,0.08,0.0,0.0,0.06,0.0,0.0
7201,0.11,0.0,0.0,0.0,0.0,0.0,0.0,0.88,0.0,0.0,0.0,0.0,0.01
7204,0.09,0.57,0.0,0.11,0.0,0.0,0.0,0.15,0.0,0.0,0.01,0.0,0.07
7205,0.24,0.39,0.0,0.22,0.0,0.0,0.0,0.09,0.0,0.0,0.02,0.0,0.04
7207,0.02,0.01,0.0,0.02,0.0,0.0,0.0,0.92,0.0,0.0,0.0,0.0,0.03
7210,0.01,0.01,0.0,0.14,0.0,0.0,0.0,0.84,0.0,0.0,0.0,0.0,0.0
7211,0.0,0.01,0.0,0.03,0.0,0.0,0.0,0.96,0.0,0.0,0.0,0.0,0.0
7213,0.26,0.25,0.0,0.25,0.0,0.01,0.0,0.12,0.0,0.0,0.0,0.0,0.11
7215,0.03,0.05,0.0,0.31,0.0,0.0,0.0,0.48,0.0,0.0,0.0,0.0,0.13
7218,0.0,0.0,0.0,0.02,0.0,0.0,0.0,0.98,0.0,0.0,0.0,0.0,0.0
7229,0.01,0.0,0.0,0.13,0.0,0.0,0.0,0.86,0.0,0.0,0.0,0.0,0.0
7231,0.1,0.36,0.0,0.18,0.03,0.0,0.0,0.16,0.0,0.01,0.14,0.0,0.02
7234,0.04,0.01,0.0,0.11,0.0,0.0,0.0,0.76,0.0,0.0,0.0,0.0,0.08
7237,0.03,0.2,0.0,0.1,0.0,0.0,0.0,0.64,0.0,0.0,0.03,0.0,0.0
7247,0.09,0.01,0.0,0.06,0.0,0.0,0.0,0.8,0.0,0.0,0.04,0.0,0.0
7251,0.08,0.02,0.0,0.0,0.0,0.0,0.0,0.9,0.0,0.0,0.0,0.0,0.0
7252,0.01,0.17,0.0,0.06,0.0,0.0,0.0,0.72,0.0,0.0,0.01,0.0,0.03
7257,0.03,0.31,0.0,0.57,0.0,0.0,0.0,0.07,0.0,0.0,0.0,0.0,0.02
7259,0.1,0.0,0.0,0.01,0.0,0.0,0.0,0.86,0.0,0.0,0.0,0.0,0.03
7261,0.0,0.09,0.0,0.25,0.0,0.0,0.0,0.66,0.0,0.0,0.0,0.0,0.0
7263,0.17,0.36,0.0,0.28,0.0,0.0,0.0,0.15,0.0,0.0,0.04,0.0,0.0
7264,0.03,0.26,0.0,0.49,0.0,0.0,0.0,0.0,0.0,0.0,0.2,0.0,0.02
7267,0.3,0.15,0.0,0.18,0.0,0.0,0.0,0.3,0.0,0.0,0.05,0.0,0.02
7271,0.01,0.08,0.0,0.02,0.0,0.0,0.0,0.88,0.0,0.0,0.0,0.0,0.01
7274,0.03,0.08,0.0,0.55,0.0,0.0,0.0,0.32,0.0,0.0,0.01,0.0,0.01
7279,0.02,0.0,0.0,0.01,0.0,0.0,0.0,0.94,0.0,0.0,0.01,0.0,0.02
7287,0.05,0.0,0.0,0.01,0.0,0.0,0.0,0.94,0.0,0.0,0.0,0.0,0.0
7288,0.02,0.0,0.0,0.02,0.0,0.0,0.0,0.96,0.0,0.0,0.0,0.0,0.0
7292,0.05,0.05,0.0,0.0,0.0,0.0,0.0,0.82,0.0,0.0,0.02,0.0,0.06
7293,0.03,0.35,0.0,0.37,0.0,0.0,0.0,0.12,0.0,0.0,0.12,0.0,0.01
7299,0.06,0.07,0.0,0.24,0.0,0.0,0.0,0.61,0.0,0.0,0.01,0.0,0.01
7301,0.04,0.02,0.0,0.23,0.0,0.0,0.0,0.59,0.0,0.0,0.0,0.0,0.12
7307,0.05,0.15,0.0,0.65,0.0,0.0,0.0,0.08,0.0,0.0,0.0,0.0,0.07
7312,0.83,0.03,0.0,0.07,0.0,0.0,0.0,0.02,0.0,0.0,0.0,0.0,0.05
7313,0.06,0.1,0.0,0.14,0.0,0.0,0.0,0.66,0.0,0.0,0.0,0.0,0.04
7314,0.01,0.02,0.0,0.02,0.0,0.0,0.0,0.92,0.0,0.0,0.02,0.0,0.01
7315,0.01,0.0,0.0,0.03,0.0,0.0,0.0,0.96,0.0,0.0,0.0,0.0,0.0
7316,0.0,0.0,0.0,0.13,0.0,0.0,0.0,0.86,0.0,0.0,0.01,0.0,0.0
7317,0.04,0.22,0.0,0.23,0.0,0.04,0.0,0.45,0.0,0.01,0.01,0.0,0.0
7319,0.01,0.0,0.0,0.23,0.0,0.0,0.0,0.68,0.0,0.0,0.0,0.0,0.08
7325,0.18,0.04,0.0,0.35,0.0,0.0,0.0,0.38,0.0,0.0,0.0,0.0,0.05
7329,0.1,0.1,0.0,0.05,0.0,0.0,0.0,0.72,0.0,0.0,0.01,0.0,0.02
7330,0.02,0.01,0.0,0.02,0.0,0.0,0.0,0.94,0.0,0.0,0.01,0.0,0.0
7333,0.05,0.28,0.0,0.43,0.0,0.0,0.0,0.12,0.0,0.0,0.12,0.0,0.0
